-- MySQL dump 10.13  Distrib 5.6.15, for Win64 (x86_64)
--
-- Host: localhost    Database: ims
-- ------------------------------------------------------
-- Server version	5.6.15-log

/*!40101 SET @OLD_CHARACTER_SET_CLIENT=@@CHARACTER_SET_CLIENT */;
/*!40101 SET @OLD_CHARACTER_SET_RESULTS=@@CHARACTER_SET_RESULTS */;
/*!40101 SET @OLD_COLLATION_CONNECTION=@@COLLATION_CONNECTION */;
/*!40101 SET NAMES utf8 */;
/*!40103 SET @OLD_TIME_ZONE=@@TIME_ZONE */;
/*!40103 SET TIME_ZONE='+00:00' */;
/*!40014 SET @OLD_UNIQUE_CHECKS=@@UNIQUE_CHECKS, UNIQUE_CHECKS=0 */;
/*!40014 SET @OLD_FOREIGN_KEY_CHECKS=@@FOREIGN_KEY_CHECKS, FOREIGN_KEY_CHECKS=0 */;
/*!40101 SET @OLD_SQL_MODE=@@SQL_MODE, SQL_MODE='NO_AUTO_VALUE_ON_ZERO' */;
/*!40111 SET @OLD_SQL_NOTES=@@SQL_NOTES, SQL_NOTES=0 */;

--
-- Table structure for table `chain`
--

DROP TABLE IF EXISTS `chain`;
/*!40101 SET @saved_cs_client     = @@character_set_client */;
/*!40101 SET character_set_client = utf8 */;
CREATE TABLE `chain` (
  `mappingSetId` int(11) NOT NULL,
  `chainId` int(11) NOT NULL
) ENGINE=MyISAM DEFAULT CHARSET=utf8;
/*!40101 SET character_set_client = @saved_cs_client */;

--
-- Dumping data for table `chain`
--

LOCK TABLES `chain` WRITE;
/*!40000 ALTER TABLE `chain` DISABLE KEYS */;
/*!40000 ALTER TABLE `chain` ENABLE KEYS */;
UNLOCK TABLES;

--
-- Table structure for table `info`
--

DROP TABLE IF EXISTS `info`;
/*!40101 SET @saved_cs_client     = @@character_set_client */;
/*!40101 SET character_set_client = utf8 */;
CREATE TABLE `info` (
  `schemaversion` int(11) NOT NULL,
  PRIMARY KEY (`schemaversion`)
) ENGINE=MyISAM DEFAULT CHARSET=utf8;
/*!40101 SET character_set_client = @saved_cs_client */;

--
-- Dumping data for table `info`
--

LOCK TABLES `info` WRITE;
/*!40000 ALTER TABLE `info` DISABLE KEYS */;
INSERT INTO `info` VALUES (26);
/*!40000 ALTER TABLE `info` ENABLE KEYS */;
UNLOCK TABLES;

--
-- Table structure for table `mapping`
--

DROP TABLE IF EXISTS `mapping`;
/*!40101 SET @saved_cs_client     = @@character_set_client */;
/*!40101 SET character_set_client = utf8 */;
CREATE TABLE `mapping` (
  `sourceId` varchar(100) NOT NULL,
  `targetId` varchar(100) NOT NULL,
  `mappingSetId` int(11) DEFAULT NULL,
  KEY `setFind` (`mappingSetId`),
  KEY `sourceFind` (`sourceId`),
  KEY `sourceMappingSetFind` (`mappingSetId`,`sourceId`)
) ENGINE=MyISAM DEFAULT CHARSET=utf8;
/*!40101 SET character_set_client = @saved_cs_client */;

--
-- Dumping data for table `mapping`
--

LOCK TABLES `mapping` WRITE;
/*!40000 ALTER TABLE `mapping` DISABLE KEYS */;
INSERT INTO `mapping` VALUES ('38932552-111f-4a4e-a46a-4ed1d7bdf9d5','187440',1),('187440','38932552-111f-4a4e-a46a-4ed1d7bdf9d5',2),('bd42675d-9966-48f5-b42e-f6a0c5ec6794','18',1),('18','bd42675d-9966-48f5-b42e-f6a0c5ec6794',2),('9d4a6a08-6757-4ff2-98c1-e3c8b3e095cc','50',1),('50','9d4a6a08-6757-4ff2-98c1-e3c8b3e095cc',2),('187440','276734',3),('276734','187440',4),('18','370186',3),('370186','18',4),('50','520018',3),('520018','50',4),('38932552-111f-4a4e-a46a-4ed1d7bdf9d5','276734',5),('276734','38932552-111f-4a4e-a46a-4ed1d7bdf9d5',6),('bd42675d-9966-48f5-b42e-f6a0c5ec6794','370186',5),('370186','bd42675d-9966-48f5-b42e-f6a0c5ec6794',6),('9d4a6a08-6757-4ff2-98c1-e3c8b3e095cc','520018',5),('520018','9d4a6a08-6757-4ff2-98c1-e3c8b3e095cc',6),('516c9a26-885c-4920-9a13-d0a68cf99084','11063',7),('11063','516c9a26-885c-4920-9a13-d0a68cf99084',8),('ccd4a66b-c18c-48d3-947e-6845360c024b','10712',7),('10712','ccd4a66b-c18c-48d3-947e-6845360c024b',8),('4be70bb8-444f-470b-b7a5-85e185a63885','271',7),('271','4be70bb8-444f-470b-b7a5-85e185a63885',8),('38932552-111f-4a4e-a46a-4ed1d7bdf9d5','DB00398',9),('DB00398','38932552-111f-4a4e-a46a-4ed1d7bdf9d5',10),('bd42675d-9966-48f5-b42e-f6a0c5ec6794','DB01672',9),('DB01672','bd42675d-9966-48f5-b42e-f6a0c5ec6794',10),('9d4a6a08-6757-4ff2-98c1-e3c8b3e095cc','DB02926',9),('DB02926','9d4a6a08-6757-4ff2-98c1-e3c8b3e095cc',10),('516c9a26-885c-4920-9a13-d0a68cf99084','6131',11),('6131','516c9a26-885c-4920-9a13-d0a68cf99084',12),('ccd4a66b-c18c-48d3-947e-6845360c024b','5455',11),('5455','ccd4a66b-c18c-48d3-947e-6845360c024b',12),('4be70bb8-444f-470b-b7a5-85e185a63885','346',11),('346','4be70bb8-444f-470b-b7a5-85e185a63885',12),('38932552-111f-4a4e-a46a-4ed1d7bdf9d5_A','187440',13),('187440','38932552-111f-4a4e-a46a-4ed1d7bdf9d5_A',14),('bd42675d-9966-48f5-b42e-f6a0c5ec6794_A','18',13),('18','bd42675d-9966-48f5-b42e-f6a0c5ec6794_A',14),('9d4a6a08-6757-4ff2-98c1-e3c8b3e095cc_A','50',13),('50','9d4a6a08-6757-4ff2-98c1-e3c8b3e095cc_A',14),('38932552-111f-4a4e-a46a-4ed1d7bdf9d5','000187440',13),('000187440','38932552-111f-4a4e-a46a-4ed1d7bdf9d5',14),('bd42675d-9966-48f5-b42e-f6a0c5ec6794','00018',13),('00018','bd42675d-9966-48f5-b42e-f6a0c5ec6794',14),('9d4a6a08-6757-4ff2-98c1-e3c8b3e095cc','00050',13),('00050','9d4a6a08-6757-4ff2-98c1-e3c8b3e095cc',14),('000187440','276734',15),('276734','000187440',16),('00018','370186',15),('370186','00018',16),('00050','520018',15),('520018','00050',16),('187440','276734_A',15),('276734_A','187440',16),('18','370186_A',15),('370186_A','18',16),('50','520018_A',15),('520018_A','50',16),('38932552-111f-4a4e-a46a-4ed1d7bdf9d5_A','276734',17),('276734','38932552-111f-4a4e-a46a-4ed1d7bdf9d5_A',18),('bd42675d-9966-48f5-b42e-f6a0c5ec6794_A','370186',17),('370186','bd42675d-9966-48f5-b42e-f6a0c5ec6794_A',18),('9d4a6a08-6757-4ff2-98c1-e3c8b3e095cc_A','520018',17),('520018','9d4a6a08-6757-4ff2-98c1-e3c8b3e095cc_A',18),('38932552-111f-4a4e-a46a-4ed1d7bdf9d5','276734_A',17),('276734_A','38932552-111f-4a4e-a46a-4ed1d7bdf9d5',18),('bd42675d-9966-48f5-b42e-f6a0c5ec6794','370186_A',17),('370186_A','bd42675d-9966-48f5-b42e-f6a0c5ec6794',18),('9d4a6a08-6757-4ff2-98c1-e3c8b3e095cc','520018_A',17),('520018_A','9d4a6a08-6757-4ff2-98c1-e3c8b3e095cc',18);
/*!40000 ALTER TABLE `mapping` ENABLE KEYS */;
UNLOCK TABLES;

--
-- Table structure for table `mappingSet`
--

DROP TABLE IF EXISTS `mappingSet`;
/*!40101 SET @saved_cs_client     = @@character_set_client */;
/*!40101 SET character_set_client = utf8 */;
CREATE TABLE `mappingSet` (
  `id` int(11) NOT NULL AUTO_INCREMENT,
  `sourceDataSource` varchar(100) NOT NULL,
  `predicate` varchar(100) DEFAULT NULL,
  `justification` varchar(150) DEFAULT NULL,
  `targetDataSource` varchar(100) DEFAULT NULL,
  `resource` varchar(200) DEFAULT NULL,
  `source` varchar(200) DEFAULT NULL,
  `symmetric` int(11) DEFAULT NULL,
  `mappingLinkCount` int(11) DEFAULT NULL,
  `mappingSourceCount` int(11) DEFAULT NULL,
  `mappingTargetCount` int(11) DEFAULT NULL,
  `mappingMediumFrequency` int(11) DEFAULT NULL,
  `mapping75Frequency` int(11) DEFAULT NULL,
  `mapping90Frequency` int(11) DEFAULT NULL,
  `mapping99Frequency` int(11) DEFAULT NULL,
  `mappingMaxFrequency` int(11) DEFAULT NULL,
  PRIMARY KEY (`id`)
) ENGINE=MyISAM AUTO_INCREMENT=19 DEFAULT CHARSET=utf8;
/*!40101 SET character_set_client = @saved_cs_client */;

--
-- Dumping data for table `mappingSet`
--

LOCK TABLES `mappingSet` WRITE;
/*!40000 ALTER TABLE `mappingSet` DISABLE KEYS */;
INSERT INTO `mappingSet` VALUES (1,'ConceptWiki','http://www.w3.org/2004/02/skos/core#exactMatch','http://semanticscience.org/resource/CHEMINF_000059','Cs','file:/C:/OpenPhacts/BridgeDb/org.bridgedb.uri.loader/../org.bridgedb.uri.loader/test-data/cw-cs.ttl','file:/C:/OpenPhacts/BridgeDb/org.bridgedb.uri.loader/../org.bridgedb.uri.loader/test-data/cw-cs.ttl',-2,3,3,3,1,1,1,1,1),(2,'Cs','http://www.w3.org/2004/02/skos/core#exactMatch','http://semanticscience.org/resource/CHEMINF_000059','ConceptWiki','file:/C:/OpenPhacts/BridgeDb/org.bridgedb.uri.loader/../org.bridgedb.uri.loader/test-data/cw-cs.ttl','file:/C:/OpenPhacts/BridgeDb/org.bridgedb.uri.loader/../org.bridgedb.uri.loader/test-data/cw-cs.ttl',1,3,3,3,1,1,1,1,1),(3,'Cs','http://www.w3.org/2004/02/skos/core#exactMatch','http://semanticscience.org/resource/CHEMINF_000059','ChemblMolecule','file:/C:/OpenPhacts/BridgeDb/org.bridgedb.uri.loader/../org.bridgedb.uri.loader/test-data/cs-cm.ttl','file:/C:/OpenPhacts/BridgeDb/org.bridgedb.uri.loader/../org.bridgedb.uri.loader/test-data/cs-cm.ttl',-4,3,3,3,1,1,1,1,1),(4,'ChemblMolecule','http://www.w3.org/2004/02/skos/core#exactMatch','http://semanticscience.org/resource/CHEMINF_000059','Cs','file:/C:/OpenPhacts/BridgeDb/org.bridgedb.uri.loader/../org.bridgedb.uri.loader/test-data/cs-cm.ttl','file:/C:/OpenPhacts/BridgeDb/org.bridgedb.uri.loader/../org.bridgedb.uri.loader/test-data/cs-cm.ttl',3,3,3,3,1,1,1,1,1),(5,'ConceptWiki','http://www.w3.org/2004/02/skos/core#exactMatch','http://semanticscience.org/resource/CHEMINF_000059','ChemblMolecule','file:/C:/OpenPhacts/BridgeDb/org.bridgedb.uri.loader/../org.bridgedb.uri.loader/test-data/cw-cm.ttl','file:/C:/OpenPhacts/BridgeDb/org.bridgedb.uri.loader/../org.bridgedb.uri.loader/test-data/cw-cm.ttl',-6,3,3,3,1,1,1,1,1),(6,'ChemblMolecule','http://www.w3.org/2004/02/skos/core#exactMatch','http://semanticscience.org/resource/CHEMINF_000059','ConceptWiki','file:/C:/OpenPhacts/BridgeDb/org.bridgedb.uri.loader/../org.bridgedb.uri.loader/test-data/cw-cm.ttl','file:/C:/OpenPhacts/BridgeDb/org.bridgedb.uri.loader/../org.bridgedb.uri.loader/test-data/cw-cm.ttl',5,3,3,3,1,1,1,1,1),(7,'ConceptWiki','http://www.w3.org/2004/02/skos/core#exactMatch','http://semanticscience.org/resource/CHEMINF_000059','ChemblTarget','file:/C:/OpenPhacts/BridgeDb/org.bridgedb.uri.loader/../org.bridgedb.uri.loader/test-data/cw-ct.ttl','file:/C:/OpenPhacts/BridgeDb/org.bridgedb.uri.loader/../org.bridgedb.uri.loader/test-data/cw-ct.ttl',-8,3,3,3,1,1,1,1,1),(8,'ChemblTarget','http://www.w3.org/2004/02/skos/core#exactMatch','http://semanticscience.org/resource/CHEMINF_000059','ConceptWiki','file:/C:/OpenPhacts/BridgeDb/org.bridgedb.uri.loader/../org.bridgedb.uri.loader/test-data/cw-ct.ttl','file:/C:/OpenPhacts/BridgeDb/org.bridgedb.uri.loader/../org.bridgedb.uri.loader/test-data/cw-ct.ttl',7,3,3,3,1,1,1,1,1),(9,'ConceptWiki','http://www.w3.org/2004/02/skos/core#exactMatch','http://semanticscience.org/resource/CHEMINF_000059','Dr','file:/C:/OpenPhacts/BridgeDb/org.bridgedb.uri.loader/../org.bridgedb.uri.loader/test-data/cw-dd.ttl','file:/C:/OpenPhacts/BridgeDb/org.bridgedb.uri.loader/../org.bridgedb.uri.loader/test-data/cw-dd.ttl',-10,3,3,3,1,1,1,1,1),(10,'Dr','http://www.w3.org/2004/02/skos/core#exactMatch','http://semanticscience.org/resource/CHEMINF_000059','ConceptWiki','file:/C:/OpenPhacts/BridgeDb/org.bridgedb.uri.loader/../org.bridgedb.uri.loader/test-data/cw-dd.ttl','file:/C:/OpenPhacts/BridgeDb/org.bridgedb.uri.loader/../org.bridgedb.uri.loader/test-data/cw-dd.ttl',9,3,3,3,1,1,1,1,1),(11,'ConceptWiki','http://www.w3.org/2004/02/skos/core#exactMatch','http://semanticscience.org/resource/CHEMINF_000059','drugbankTarget','file:/C:/OpenPhacts/BridgeDb/org.bridgedb.uri.loader/../org.bridgedb.uri.loader/test-data/cw-dt.ttl','file:/C:/OpenPhacts/BridgeDb/org.bridgedb.uri.loader/../org.bridgedb.uri.loader/test-data/cw-dt.ttl',-12,3,3,3,1,1,1,1,1),(12,'drugbankTarget','http://www.w3.org/2004/02/skos/core#exactMatch','http://semanticscience.org/resource/CHEMINF_000059','ConceptWiki','file:/C:/OpenPhacts/BridgeDb/org.bridgedb.uri.loader/../org.bridgedb.uri.loader/test-data/cw-dt.ttl','file:/C:/OpenPhacts/BridgeDb/org.bridgedb.uri.loader/../org.bridgedb.uri.loader/test-data/cw-dt.ttl',11,3,3,3,1,1,1,1,1),(13,'ConceptWiki','http://www.w3.org/2004/02/skos/core#exactMatch','http://www.bridgedb.org/test#testJustification','Cs','file:/C:/OpenPhacts/BridgeDb/org.bridgedb.uri.loader/../org.bridgedb.uri.loader/test-data/cw-cs_test_lens.ttl','file:/C:/OpenPhacts/BridgeDb/org.bridgedb.uri.loader/../org.bridgedb.uri.loader/test-data/cw-cs_test_lens.ttl',-14,6,6,6,1,1,1,1,1),(14,'Cs','http://www.w3.org/2004/02/skos/core#exactMatch','http://www.bridgedb.org/test#testJustification','ConceptWiki','file:/C:/OpenPhacts/BridgeDb/org.bridgedb.uri.loader/../org.bridgedb.uri.loader/test-data/cw-cs_test_lens.ttl','file:/C:/OpenPhacts/BridgeDb/org.bridgedb.uri.loader/../org.bridgedb.uri.loader/test-data/cw-cs_test_lens.ttl',13,6,6,6,1,1,1,1,1),(15,'Cs','http://www.w3.org/2004/02/skos/core#exactMatch','http://www.bridgedb.org/test#testJustification','ChemblMolecule','file:/C:/OpenPhacts/BridgeDb/org.bridgedb.uri.loader/../org.bridgedb.uri.loader/test-data/cs-cm_test_lens.ttl','file:/C:/OpenPhacts/BridgeDb/org.bridgedb.uri.loader/../org.bridgedb.uri.loader/test-data/cs-cm_test_lens.ttl',-16,6,6,6,1,1,1,1,1),(16,'ChemblMolecule','http://www.w3.org/2004/02/skos/core#exactMatch','http://www.bridgedb.org/test#testJustification','Cs','file:/C:/OpenPhacts/BridgeDb/org.bridgedb.uri.loader/../org.bridgedb.uri.loader/test-data/cs-cm_test_lens.ttl','file:/C:/OpenPhacts/BridgeDb/org.bridgedb.uri.loader/../org.bridgedb.uri.loader/test-data/cs-cm_test_lens.ttl',15,6,6,6,1,1,1,1,1),(17,'ConceptWiki','http://www.w3.org/2004/02/skos/core#exactMatch','http://www.bridgedb.org/test#testJustification','ChemblMolecule','file:/C:/OpenPhacts/BridgeDb/org.bridgedb.uri.loader/../org.bridgedb.uri.loader/test-data/cw-cm_test_lens.ttl','file:/C:/OpenPhacts/BridgeDb/org.bridgedb.uri.loader/../org.bridgedb.uri.loader/test-data/cw-cm_test_lens.ttl',-18,6,6,6,1,1,1,1,1),(18,'ChemblMolecule','http://www.w3.org/2004/02/skos/core#exactMatch','http://www.bridgedb.org/test#testJustification','ConceptWiki','file:/C:/OpenPhacts/BridgeDb/org.bridgedb.uri.loader/../org.bridgedb.uri.loader/test-data/cw-cm_test_lens.ttl','file:/C:/OpenPhacts/BridgeDb/org.bridgedb.uri.loader/../org.bridgedb.uri.loader/test-data/cw-cm_test_lens.ttl',17,6,6,6,1,1,1,1,1);
/*!40000 ALTER TABLE `mappingSet` ENABLE KEYS */;
UNLOCK TABLES;

--
-- Table structure for table `mimetype`
--

DROP TABLE IF EXISTS `mimetype`;
/*!40101 SET @saved_cs_client     = @@character_set_client */;
/*!40101 SET character_set_client = utf8 */;
CREATE TABLE `mimetype` (
  `prefix` varchar(400) NOT NULL,
  `postfix` varchar(100) NOT NULL,
  `mimeType` varchar(50) NOT NULL
) ENGINE=MyISAM DEFAULT CHARSET=utf8;
/*!40101 SET character_set_client = @saved_cs_client */;

--
-- Dumping data for table `mimetype`
--

LOCK TABLES `mimetype` WRITE;
/*!40000 ALTER TABLE `mimetype` DISABLE KEYS */;
/*!40000 ALTER TABLE `mimetype` ENABLE KEYS */;
UNLOCK TABLES;

--
-- Table structure for table `properties`
--

DROP TABLE IF EXISTS `properties`;
/*!40101 SET @saved_cs_client     = @@character_set_client */;
/*!40101 SET character_set_client = utf8 */;
CREATE TABLE `properties` (
  `theKey` varchar(100) NOT NULL,
  `property` varchar(100) NOT NULL,
  `isPublic` smallint(6) DEFAULT NULL
) ENGINE=MyISAM DEFAULT CHARSET=utf8;
/*!40101 SET character_set_client = @saved_cs_client */;

--
-- Dumping data for table `properties`
--

LOCK TABLES `properties` WRITE;
/*!40000 ALTER TABLE `properties` DISABLE KEYS */;
INSERT INTO `properties` VALUES ('LastUpdates','Thu Jan 23 15:54:31 GMT 2014',1);
/*!40000 ALTER TABLE `properties` ENABLE KEYS */;
UNLOCK TABLES;

--
-- Table structure for table `uri`
--

DROP TABLE IF EXISTS `uri`;
/*!40101 SET @saved_cs_client     = @@character_set_client */;
/*!40101 SET character_set_client = utf8 */;
CREATE TABLE `uri` (
  `dataSource` varchar(100) NOT NULL,
  `prefix` varchar(400) NOT NULL,
  `regex` varchar(400) DEFAULT NULL,
  `postfix` varchar(100) NOT NULL
) ENGINE=MyISAM DEFAULT CHARSET=utf8;
/*!40101 SET character_set_client = @saved_cs_client */;

--
-- Dumping data for table `uri`
--

LOCK TABLES `uri` WRITE;
/*!40000 ALTER TABLE `uri` DISABLE KEYS */;
INSERT INTO `uri` VALUES ('p3db.site','http://www.p3db.org/phosphosite.php?id=','^\\d+$','&ref=0'),('funcbase.mouse','http://info.identifiers.org/funcbase.mouse/','^\\d+$',''),('polbase','http://identifiers.org/polbase/','^[A-Za-z-0-9]+$',''),('funcbase.yeast','http://info.identifiers.org/funcbase.yeast/','^\\d+$',''),('po','http://purl.bioontology.org/ontology/PO/','^PO\\:\\d+$',''),('glida.ligand','http://info.identifiers.org/glida.ligand/','^L\\d+$',''),('En','http://bio2rdf.org/ensembl:','^((ENS[A-Z]*[FPTG]\\d{11}(\\.\\d+)?)|(FB\\w{2}\\d{7})|(Y[A-Z]{2}\\d{3}[a-zA-Z](\\-[A-Z])?)|([A-Z_a-z0-9]+(\\.)?(t)?(\\d+)?([a-z])?))$',''),('hcvdb','http://info.identifiers.org/hcvdb/','^M\\d{5}$',''),('bacmap.biog','http://bacmap.wishartlab.com/organisms/','^\\d+$',''),('img.gene','http://info.identifiers.org/img.gene/','^\\d+$',''),('tol','http://info.identifiers.org/tol/','^\\d+$',''),('neuromorpho','http://neuromorpho.org/neuroMorpho/neuron_info.jsp?neuron_name=','^\\w+$',''),('Ip','http://www.ebi.ac.uk/cgi-bin/dbfetch?db=IPI&id=','^IPI\\d{8}$','&format=default'),('H','http://info.identifiers.org/hgnc.symbol/','^[A-Za-z-0-9_]+(\\@)?$',''),('panther.family','http://www.pantherdb.org/panther/family.do?clsAccession=','^PTHR\\d{5}(\\:SF\\d{1,3})?$',''),('pride','http://identifiers.org/pride/','^\\d+$',''),('orphanet','http://info.identifiers.org/orphanet/','^\\d+$',''),('allergome','http://info.identifiers.org/allergome/','^\\d+$',''),('mipmod','http://identifiers.org/mipmod/','^\\w+$',''),('kegg.module','http://identifiers.org/kegg.module/','^([a-z]{3,5}_)?M\\d{5}$',''),('L','http://bio2rdf.org/geneid:','^\\d+$',''),('merops.inhibitor','http://identifiers.org/merops.inhibitor/','^I\\d{2}\\.\\d{3}$',''),('pigqtldb','http://info.identifiers.org/pigqtldb/','^\\d+$',''),('stitch','http://stitch.embl.de/interactions/','^\\w{14}$',''),('sider.drug','http://sideeffects.embl.de/drugs/','^\\d+$','/'),('mesh.2012','http://identifiers.org/mesh.2012/','^[A-Za-z0-9]+$',''),('cellimage','http://cellimagelibrary.org/images/','^\\d+$',''),('neurondb','http://info.identifiers.org/neurondb/','^\\d+$',''),('so','http://www.sequenceontology.org/miso/current_release/term/','^SO:\\d{7}$',''),('W','http://info.identifiers.org/wormbase/','^(WBGene\\d{8}|([A-Z_a-z0-9]+(\\.)?(t)?(\\d+)?([a-z])?))$',''),('bykdb','http://info.identifiers.org/bykdb/','^\\w+$',''),('Ma','http://identifiers.org/macie/','^M\\d{4}$',''),('T','http://www.pantherdb.org/panther/category.do?categoryAcc=GO:','^\\d{7}$',''),('Mi','http://mint.bio.uniroma2.it/mint/search/inFrameInteraction.do?interactionAc=','^MINT\\-\\d{1,5}$',''),('mimodb','http://immunet.cn/mimodb/browse.php?table=mimoset&ID=','^\\d+$',''),('miriam.collection','http://identifiers.org/miriam.collection/','^MIR:000\\d{5}$',''),('dictybase.gene','http://info.identifiers.org/dictybase.gene/','^DDB_G\\d+$',''),('Pi','http://cbg.garvan.unsw.edu.au/pina/interactome.oneP.do?ac=','^([A-N,R-Z][0-9][A-Z][A-Z, 0-9][A-Z, 0-9][0-9])|([O,P,Q][0-9][A-Z, 0-9][A-Z, 0-9][A-Z, 0-9][0-9])$','&showExtend=null'),('rouge','http://info.identifiers.org/rouge/','^m\\w+$',''),('2d-page.protein','http://identifiers.org/2d-page.protein/','^([A-N,R-Z][0-9][A-Z][A-Z, 0-9][A-Z, 0-9][0-9])|([O,P,Q][0-9][A-Z, 0-9][A-Z, 0-9][A-Z, 0-9][0-9])$',''),('cdpd','http://info.identifiers.org/cdpd/','^\\d+$',''),('agd','http://identifiers.org/agd/','^AGR\\w+$',''),('phytozome.locus','http://info.identifiers.org/phytozome.locus/','^[A-Za-z0-9]+$',''),('Ce','http://purl.org/obo/owl/CHEBI#CHEBI_','^\\d+$',''),('bgee.organ','http://identifiers.org/bgee.organ/','^(XAO|ZFA|EHDAA|EMAPA|EV|MA)\\:\\d+$',''),('piroplasma','http://info.identifiers.org/piroplasma/','^TA\\d+$',''),('Cs','http://identifiers.org/chemspider/','^\\d+$',''),('topfind','http://identifiers.org/topfind/','^([A-N,R-Z][0-9][A-Z][A-Z, 0-9][A-Z, 0-9][0-9])|([O,P,Q][0-9][A-Z, 0-9][A-Z, 0-9][A-Z, 0-9][0-9])$',''),('oma.protein','http://info.identifiers.org/oma.protein/','^[A-Z0-9]{5}\\d+$',''),('A','http://arabidopsis.org/servlets/TairObject?type=locus&name=','^AT[1-5]G\\d{5}$',''),('phosphopoint.protein','http://identifiers.org/phosphopoint.protein/','^\\w+$',''),('pass2','http://caps.ncbs.res.in/pass2/superfamily/superfamilydetail.php?superfamilyId=','^\\d+$',''),('lgic','http://identifiers.org/lgic/','^\\w+$',''),('stitch','http://identifiers.org/stitch/','^\\w{14}$',''),('nuclearbd','http://identifiers.org/nuclearbd/','^\\w+\\_\\w+$',''),('L','http://purl.uniprot.org/geneid/','^\\d+$',''),('Pf','http://pfam.sanger.ac.uk/family/','^PF\\d{5}$','/'),('bgee.stage','http://bgee.unil.ch/bgee/bgee?page=anatomy&action=organs&stage_id=','^(FBvd|XtroDO|HsapDO|MmusDO)\\:\\d+$','&stage_children=on'),('kegg.disease','http://identifiers.org/kegg.disease/','^H\\d+$',''),('flystock','http://flystocks.bio.indiana.edu/Reports/','^\\d+$','.html'),('scretf','http://stormo.wustl.edu/ScerTF/details/','^\\w+$','/'),('coriell','http://identifiers.org/coriell/','^[A-Z]{2}\\d+$',''),('F','http://identifiers.org/flybase/','^FB\\w{2}\\d{7}$',''),('A','http://identifiers.org/tair.locus/','^AT[1-5]G\\d{5}$',''),('genprop','http://cmr.jcvi.org/tigr-scripts/CMR/shared/GenomePropDefinition.cgi?prop_acc=','^GenProp\\d+$',''),('echobase','http://identifiers.org/echobase/','^EB\\d+$',''),('vipr','http://www.viprbrc.org/brc/viprStrainDetails.do?strainName=','^[A-Za-z 0-9]+$','&decorator=arena'),('Rh','http://www.ebi.ac.uk/rhea/reaction.xhtml?id=','^\\d{5}$',''),('aceview.worm','http://info.identifiers.org/aceview.worm/','^[a-z0-9-]+$',''),('pdb.ligand','http://www.rcsb.org/pdb/ligand/ligandsummary.do?hetId=','^[A-Za-z0-9]+$',''),('Mb','http://microrna.sanger.ac.uk/cgi-bin/sequences/mirna_entry.pl?acc=','MI\\d{7}',''),('ma','http://www.informatics.jax.org/searches/AMA.cgi?id=','^MA:\\d+$',''),('oridb.schizo','http://pombe.oridb.org/details.php?id=','^\\d+$',''),('W','http://www.wormbase.org/db/gene/gene?name=','^(WBGene\\d{8}|([A-Z_a-z0-9]+(\\.)?(t)?(\\d+)?([a-z])?))$',';class=Gene'),('W','http://www.wormbase.org/db/gene/gene?name=','^(WBGene\\d{8}|([A-Z_a-z0-9]+(\\.)?(t)?(\\d+)?([a-z])?))$','%3Bclass%3DGene'),('EnDr','http://www.ensembl.org/Danio_rerio/Gene/Summary?g=','ENSDARG\\d{11}',''),('bold.taxonomy','http://info.identifiers.org/bold.taxonomy/','^\\d+$',''),('ma','http://purl.bioontology.org/ontology/MA/','^MA:\\d+$',''),('kegg.metagenome','http://www.kegg.jp/entry/','^T3\\d+$',''),('En','http://uswest.ensembl.org/id/','^((ENS[A-Z]*[FPTG]\\d{11}(\\.\\d+)?)|(FB\\w{2}\\d{7})|(Y[A-Z]{2}\\d{3}[a-zA-Z](\\-[A-Z])?)|([A-Z_a-z0-9]+(\\.)?(t)?(\\d+)?([a-z])?))$',''),('Pc','http://info.identifiers.org/pathwaycommons/','^\\d+$',''),('bgee.organ','http://bgee.unil.ch/bgee/bgee?page=anatomy&action=organ_details&organ_id=','^(XAO|ZFA|EHDAA|EMAPA|EV|MA)\\:\\d+$','&organ_children=on'),('myco.marinum','http://info.identifiers.org/myco.marinum/','^MMAR\\_\\d+$',''),('wormbase.rnai','http://info.identifiers.org/wormbase.rnai/','^WBRNAi\\d{8}$',''),('Pgd','http://info.identifiers.org/pharmgkb.drug/','^PA\\d+$',''),('iceberg.family','http://info.identifiers.org/iceberg.family/','^\\d+$',''),('clinicaltrials','http://identifiers.org/clinicaltrials/','^NCT\\d{8}$',''),('EP','http://plants.ensembl.org/id/','^\\w+(\\.\\d+)?(\\.\\d+)?$',''),('tair.gene','http://arabidopsis.org/servlets/TairObject?accession=','^Gene:\\d{7}$',''),('gpcrdb','http://www.gpcr.org/7tm/proteins/','^\\w+$',''),('sitex','http://www-bionet.sscc.ru/sitex/index.php?siteid=','^\\d+$',''),('cubedb','http://info.identifiers.org/cubedb/','^[A-Za-z_0-9]+$',''),('gmd.gcms','http://gmd.mpimp-golm.mpg.de/Spectrums/','^([0-9a-fA-F]){8}(-([0-9a-fA-F]){4}){3}-([0-9a-fA-F]){12}$',''),('yrcpdr','http://yeastrc.org/pdr/viewProtein.do?id=','^\\d+$',''),('intact.molecule','http://info.identifiers.org/intact.molecule/','^EBI\\-[0-9]+$',''),('efo','http://purl.bioontology.org/ontology/EFO/efo:EFO_','^\\d{7}$',''),('drugbankEnzymes','http://www4.wiwiss.fu-berlin.de/drugbank/resource/enzymes/',NULL,''),('psimod','http://identifiers.org/psimod/','^MOD:\\d{5}',''),('phosphopoint.kinase','http://kinase.bioinformatics.tw/showall.jsp?type=Kinase&info=Gene&name=','^\\w+$','&drawing=0&sorting=0&kinome=1'),('arxiv','http://info.identifiers.org/arxiv/','^(\\w+(\\-\\w+)?(\\.\\w+)?/)?\\d{4,7}(\\.\\d{4}(v\\d+)?)?$',''),('L','http://info.identifiers.org/ncbigene/','^\\d+$',''),('T','http://www.ebi.ac.uk/QuickGO/GTerm?id=GO:','^\\d{7}$',''),('doid','http://identifiers.org/obo.do/','^DOID\\:\\d+$',''),('coriell','http://info.identifiers.org/coriell/','^[A-Z]{2}\\d+$',''),('Sf','http://identifiers.org/supfam/','^\\w+$',''),('pride','http://www.ebi.ac.uk/pride/experimentLink.do?experimentAccessionNumber=','^\\d+$',''),('bionumbers','http://identifiers.org/bionumbers/','^\\d+$',''),('kegg.genome','http://identifiers.org/kegg.genome/','^(T0\\d+|\\w{3,5})$',''),('antweb','http://identifiers.org/antweb/','^casent\\d+(\\-D\\d+)?$',''),('E','http://www.enzyme-database.org/query.php?ec=','^\\d+\\.-\\.-\\.-|\\d+\\.\\d+\\.-\\.-|\\d+\\.\\d+\\.\\d+\\.-|\\d+\\.\\d+\\.\\d+\\.(n)?\\d+$',''),('F','http://info.identifiers.org/flybase/','^FB\\w{2}\\d{7}$',''),('vario','http://purl.bioontology.org/ontology/VARIO/','^VariO:\\d+$',''),('I','http://www.ebi.ac.uk/interpro/DisplayIproEntry?ac=','^IPR\\d{6}$',''),('phenolexplorer','http://info.identifiers.org/phenolexplorer/','^\\d+$',''),('vectorbase','http://info.identifiers.org/vectorbase/','^\\D{4}\\d{6}(\\-\\D{2})?$',''),('gxa.expt','http://www.ebi.ac.uk/gxa/experiment/','^[AEP]-\\w{4}-\\d+$',''),('oridb.sacch','http://identifiers.org/oridb.sacch/','^\\d+$',''),('oridb.sacch','http://cerevisiae.oridb.org/details.php?id=','^\\d+$',''),('cdpd','http://webprod3.hc-sc.gc.ca/dpd-bdpp/info.do?lang=eng&code=','^\\d+$',''),('unit','http://identifiers.org/unit/','^UO:\\d{7}?',''),('G','http://identifiers.org/insdc/','^([A-Z]\\d{5}|[A-Z]{2}\\d{6}|[A-Z]{4}\\d{8}|[A-J][A-Z]{2}\\d{5})(\\.\\d+)?$',''),('massbank','http://msbi.ipb-halle.de/MassBank/jsp/Dispatcher.jsp?type=disp&id=','^[A-Z]{2}[A-Z0-9][0-9]{5}$',''),('bykdb','http://identifiers.org/bykdb/','^\\w+$',''),('ubio.namebank','http://info.identifiers.org/ubio.namebank/','^\\d+$',''),('gramene.taxonomy','http://info.identifiers.org/gramene.taxonomy/','^GR\\_tax\\:\\d+$',''),('paleodb','http://identifiers.org/paleodb/','^\\d+$',''),('metabolights','http://info.identifiers.org/metabolights/','^MTBLS\\d+$',''),('scop','http://identifiers.org/scop/','^\\d+$',''),('cgd','http://www.candidagenome.org/cgi-bin/locus.pl?dbid=','^CAL\\d{7}$',''),('Bi','http://info.identifiers.org/bind/','^\\d+$',''),('agd','http://info.identifiers.org/agd/','^AGR\\w+$',''),('chembl.target','https://www.ebi.ac.uk/chembl//target/inspect/','^CHEMBL\\d+$',''),('uberon','http://purl.bioontology.org/ontology/UBERON/','^UBERON\\:\\d+$',''),('iuphar.family','http://identifiers.org/iuphar.family/','^\\d+$',''),('signaling-gateway','http://identifiers.org/signaling-gateway/','A\\d{6}$',''),('nbrc','http://info.identifiers.org/nbrc/','^\\d+$',''),('phylomedb','http://info.identifiers.org/phylomedb/','^\\w+$',''),('Bc','http://info.identifiers.org/biocyc/','^[A-Z-0-9]+(?<!CHEBI)(\\:)?[A-Za-z0-9+_.%-]+$',''),('pharmgkb.disease','http://www.pharmgkb.org/disease/','^PA\\d+$',''),('unit','http://www.ebi.ac.uk/ontology-lookup/?termId=','^UO:\\d{7}?',''),('pazar','http://identifiers.org/pazar/','^TF\\w+$',''),('sciencesignaling.pdc','http://identifiers.org/sciencesignaling.pdc/','^CMN_\\d+$',''),('hinv.protein','http://identifiers.org/hinv.protein/','^HIP\\d{9}(\\.\\d+)?$',''),('goa','http://bio2rdf.org/goa:','^([A-N,R-Z][0-9][A-Z][A-Z, 0-9][A-Z, 0-9][0-9])|([O,P,Q][0-9][A-Z, 0-9][A-Z, 0-9][A-Z, 0-9][0-9])$',''),('noncodev3','http://identifiers.org/noncodev3/','^\\d+$',''),('ctd.disease','http://identifiers.org/ctd.disease/','^D\\d+$',''),('genecards','http://genecards_v3.hgc.jp/cgi-bin/carddisp.pl?gene=','^\\w+$',''),('Em','http://srs.ebi.ac.uk/srsbin/cgi-bin/wgetz?-page+EntryPage+-e+[EMBL:','^[A-Z]+[0-9]+$',']+-view+EmblEntry'),('taxonomy','http://info.identifiers.org/taxonomy/','^\\d+$',''),('gramene.protein','http://www.gramene.org/db/protein/protein_search?protein_id=','^\\d+$',''),('hgmd','http://identifiers.org/hgmd/','^[A-Z_0-9]+$',''),('funcat','http://mips.helmholtz-muenchen.de/cgi-bin/proj/funcatDB/search_advanced.pl?action=2&wert=','^\\d{2}|\\d{2}\\.\\d{2}|\\d{2}\\.\\d{2}\\.\\d{2}|\\d{2}\\.\\d{2}\\.\\d{2}\\d{2}$',''),('rouge','http://www.kazusa.or.jp/rouge/gfpage/','^m\\w+$','/'),('Td','http://bidd.nus.edu.sg/group/cjttd/ZFTTDDRUG.asp?ID=','^DAP\\d+$',''),('tgd','http://ciliate.org/index.php/feature/details/','^TTHERM\\_\\d+$',''),('oryzabase.gene','http://identifiers.org/oryzabase.gene/','^\\d+$',''),('Om','http://us-east.omim.org/entry/','^[*#+%^]?\\d{6}$',''),('unists','http://info.identifiers.org/unists/','^\\d+$',''),('subtilist','http://info.identifiers.org/subtilist/','^BG\\d+$',''),('R','http://purl.uniprot.org/rgd/','^\\d{4,7}$',''),('myco.marinum','http://identifiers.org/myco.marinum/','^MMAR\\_\\d+$',''),('gabi','http://info.identifiers.org/gabi/','^\\w+$',''),('unigene','http://info.identifiers.org/unigene/','^\\d+$',''),('eco','http://identifiers.org/eco/','ECO:\\d{7}$',''),('dbprobe','http://identifiers.org/dbprobe/','^\\d+$',''),('gramene.taxonomy','http://www.gramene.org/db/ontology/search?id=','^GR\\_tax\\:\\d+$',''),('Pgp','http://identifiers.org/pharmgkb.pathways/','^PA\\d+$',''),('ensembl.metazoa','http://metazoa.ensembl.org/id/','^\\w+(\\.)?\\d+$',''),('bdgp.insertion','http://flypush.imgen.bcm.tmc.edu/pscreen/details.php?line=','^\\w+$',''),('S','http://www.uniprot.org/uniprot/','^([A-N,R-Z][0-9][A-Z][A-Z, 0-9][A-Z, 0-9][0-9])|([O,P,Q][0-9][A-Z, 0-9][A-Z, 0-9][A-Z, 0-9][0-9])(\\.\\d+)?$',''),('geo','http://www.ncbi.nlm.nih.gov/sites/GDSbrowser?acc=','^GDS\\d+$',''),('Pgg','http://identifiers.org/pharmgkb.gene/','^PA\\w+$',''),('Bc','http://identifiers.org/biocyc/','^[A-Z-0-9]+(?<!CHEBI)(\\:)?[A-Za-z0-9+_.%-]+$',''),('Sma','http://info.identifiers.org/smart/','^SM\\d{5}$',''),('Dr','http://www.drugbank.ca/drugs/','^DB\\d{5}$',''),('Ec','http://identifiers.org/ecogene/','^EG\\d+$',''),('signaling-gateway','http://info.identifiers.org/signaling-gateway/','A\\d{6}$',''),('G','http://www.ncbi.nlm.nih.gov/entrez/viewer.fcgi?val=','^([A-Z]\\d{5}|[A-Z]{2}\\d{6}|[A-Z]{4}\\d{8}|[A-J][A-Z]{2}\\d{5})(\\.\\d+)?$',''),('Pgp','http://info.identifiers.org/pharmgkb.pathways/','^PA\\d+$',''),('pirsf','http://pir.georgetown.edu/cgi-bin/ipcSF?id=','^PIRSF\\d{6}$',''),('irefweb','http://identifiers.org/irefweb/','^\\d+$',''),('Cs','http://info.identifiers.org/chemspider/','^\\d+$',''),('3dmet','http://identifiers.org/3dmet/','^B\\d{5}$',''),('Bm','http://biomodels.caltech.edu/','^((BIOMD|MODEL)\\d{10})|(BMID\\d{12})$',''),('lrg','http://info.identifiers.org/lrg/','^LRG_\\d+$',''),('tcdb','http://info.identifiers.org/tcdb/','^\\d+\\.[A-Z]\\.\\d+\\.\\d+\\.\\d+$',''),('vectorbase','http://identifiers.org/vectorbase/','^\\D{4}\\d{6}(\\-\\D{2})?$',''),('En','http://identifiers.org/ensembl/','^((ENS[A-Z]*[FPTG]\\d{11}(\\.\\d+)?)|(FB\\w{2}\\d{7})|(Y[A-Z]{2}\\d{3}[a-zA-Z](\\-[A-Z])?)|([A-Z_a-z0-9]+(\\.)?(t)?(\\d+)?([a-z])?))$',''),('genatlas','http://identifiers.org/genatlas/','^\\w+$',''),('topdb','http://identifiers.org/topdb/','^[A-Z0-9]+$',''),('conoserver','http://www.conoserver.org/?page=card&table=protein&id=','^\\d+$',''),('prodom','http://prodom.prabi.fr/prodom/current/cgi-bin/request.pl?question=DBEN&query=','^PD\\d+$',''),('Kp','http://www.genome.jp/dbget-bin/www_bget?pathway+','^\\w{2,4}\\d{5}$',''),('Tt','http://identifiers.org/ttd.target/','^TTDS\\d+$',''),('apd','http://identifiers.org/apd/','^\\d{5}$',''),('Pd','http://www.ebi.ac.uk/pdbsum/','^[0-9][A-Za-z0-9]{3}$',''),('goa','http://info.identifiers.org/goa/','^([A-N,R-Z][0-9][A-Z][A-Z, 0-9][A-Z, 0-9][0-9])|([O,P,Q][0-9][A-Z, 0-9][A-Z, 0-9][A-Z, 0-9][0-9])$',''),('compulyeast','http://info.identifiers.org/compulyeast/','^([A-N,R-Z][0-9][A-Z][A-Z, 0-9][A-Z, 0-9][0-9])|([O,P,Q][0-9][A-Z, 0-9][A-Z, 0-9][A-Z, 0-9][0-9])$',''),('mmrrc','http://identifiers.org/mmrrc/','^\\d+$',''),('gxa.gene','http://identifiers.org/gxa.gene/','^\\w+$',''),('corum','http://mips.helmholtz-muenchen.de/genre/proj/corum/complexdetails.html?id=','^\\d+$',''),('Mc','http://www.metacyc.org/META/NEW-IMAGE?type=NIL&object=','',''),('ligandbox','http://ligandbox.protein.osaka-u.ac.jp/ligandbox/cgi-bin/liginf.cgi?id=','^D\\d{5}',''),('tigrfam','http://identifiers.org/tigrfam/','^TIGR\\d+$',''),('uniparc','http://www.ebi.ac.uk/cgi-bin/dbfetch?db=uniparc&id=','^UPI[A-F0-9]{10}$',''),('Br','http://info.identifiers.org/brenda/','^((\\d+\\.-\\.-\\.-)|(\\d+\\.\\d+\\.-\\.-)|(\\d+\\.\\d+\\.\\d+\\.-)|(\\d+\\.\\d+\\.\\d+\\.\\d+))$',''),('Chembl16TargetComponent','http://rdf.ebi.ac.uk/resource/chembl/targetcomponent/',NULL,''),('allergome','http://identifiers.org/allergome/','^\\d+$',''),('charprot','http://identifiers.org/charprot/','^CH_\\d+$',''),('dommino','http://identifiers.org/dommino/','^[0-9][A-Za-z0-9]{3}$',''),('Bs','http://info.identifiers.org/biosystems/','^\\d+$',''),('EP','http://identifiers.org/ensembl.plant/','^\\w+(\\.\\d+)?(\\.\\d+)?$',''),('I','http://www.ebi.ac.uk/interpro/entry/','^IPR\\d{6}$',''),('Pi','http://identifiers.org/pina/','^([A-N,R-Z][0-9][A-Z][A-Z, 0-9][A-Z, 0-9][0-9])|([O,P,Q][0-9][A-Z, 0-9][A-Z, 0-9][A-Z, 0-9][0-9])$',''),('sciencesignaling.pic','http://stke.sciencemag.org/cgi/cm/stkecm;','^CMC_\\d+$',''),('charprot','http://info.identifiers.org/charprot/','^CH_\\d+$',''),('hinv.transcript','http://identifiers.org/hinv.transcript/','^HIT\\d{9}(\\.\\d+)?$',''),('ChEMBLCompound','https://www.ebi.ac.uk/chembldb/index.php/compound/inspect/','^CHEMBL\\d+$',''),('nextdb','http://nematode.lab.nig.ac.jp/db2/ShowCloneInfo.php?clone=','^[A-Za-z0-9]+$',''),('oryzabase.strain','http://www.shigen.nig.ac.jp/rice/oryzabaseV4/strain/wildCore/detail/','^\\d+$',''),('Chembl16Molecule','http://rdf.ebi.ac.uk/resource/chembl/molecule/',NULL,''),('umls','http://linkedlifedata.com/resource/umls/id/',NULL,''),('gramene.growthstage','http://www.gramene.org/db/ontology/search?id=','^GRO\\:\\d+$',''),('treefam','http://identifiers.org/treefam/','^\\w{1,2}\\d+$',''),('Mb','http://info.identifiers.org/mirbase/','MI\\d{7}',''),('S','http://identifiers.org/uniprot/','^([A-N,R-Z][0-9][A-Z][A-Z, 0-9][A-Z, 0-9][0-9])|([O,P,Q][0-9][A-Z, 0-9][A-Z, 0-9][A-Z, 0-9][0-9])(\\.\\d+)?$',''),('caps','http://identifiers.org/caps/','^\\d+$',''),('hcvdb','http://euhcvdb.ibcp.fr/euHCVdb/do/displayHCVEntry?primaryAC=','^M\\d{5}$',''),('gpcrdb','http://identifiers.org/gpcrdb/','^\\w+$',''),('Sbo','http://identifiers.org/biomodels.sbo/','^SBO:\\d{7}$',''),('pharmgkb.disease','http://info.identifiers.org/pharmgkb.disease/','^PA\\d+$',''),('Kl','http://www.kegg.jp/entry/','^G\\d+$',''),('gold.meta','http://identifiers.org/gold.meta/','^Gm\\d+$',''),('door','http://csbl1.bmb.uga.edu/OperonDB/genedetail.php?id=','^\\d+$',''),('Sbo','http://info.identifiers.org/biomodels.sbo/','^SBO:\\d{7}$',''),('pseudomonas','http://www.pseudomonas.com/getAnnotation.do?locusID=','^P\\w+$',''),('disprot','http://info.identifiers.org/disprot/','^DP\\d{5}$',''),('Bg','http://identifiers.org/biogrid/','^\\d+$',''),('ensembl.protist','http://identifiers.org/ensembl.protist/','^\\w+$',''),('rgd.strain','http://rgd.mcw.edu/rgdweb/report/strain/main.html?id=','^\\d+$',''),('treefam','http://info.identifiers.org/treefam/','^\\w{1,2}\\d+$',''),('uniprot.isoform','http://purl.uniprot.org/uniprot/','^([A-N,R-Z][0-9][A-Z][A-Z, 0-9][A-Z, 0-9][0-9])|([O,P,Q][0-9][A-Z, 0-9][A-Z, 0-9][A-Z, 0-9][0-9])(\\-\\d+)$',''),('homd.taxon','http://www.homd.org/modules.php?op=modload&name=HOMD&file=index&oraltaxonid=','^\\d+$','&view=dynamic'),('huge','http://www.kazusa.or.jp/huge/gfpage/','^KIAA\\d{4}$','/'),('En','http://ensemblgenomes.org/id/','^((ENS[A-Z]*[FPTG]\\d{11}(\\.\\d+)?)|(FB\\w{2}\\d{7})|(Y[A-Z]{2}\\d{3}[a-zA-Z](\\-[A-Z])?)|([A-Z_a-z0-9]+(\\.)?(t)?(\\d+)?([a-z])?))$',''),('subtilist','http://genolist.pasteur.fr/SubtiList/genome.cgi?external_query+','^BG\\d+$',''),('M','http://www.informatics.jax.org/marker/MGI:','^\\d+$',''),('xenbase','http://info.identifiers.org/xenbase/','^(XB-GENE-)?\\d+$',''),('oryzabase.stage','http://identifiers.org/oryzabase.stage/','^\\d+$',''),('cygd','http://mips.helmholtz-muenchen.de/genre/proj/yeast/singleGeneReport.html?entry=','^\\w{2,3}\\d{2,4}(\\w)?$',''),('dragondb.locus','http://info.identifiers.org/dragondb.locus/','^\\w+$',''),('yrcpdr','http://info.identifiers.org/yrcpdr/','^\\d+$',''),('mesh','http://bio2rdf.org/mesh:',NULL,''),('vectorbase','https://www.vectorbase.org/search/site/','^\\D{4}\\d{6}(\\-\\D{2})?$','?site=Genome'),('Wp','http://rdf.wikipathways.org/Pathway/','WP\\d{1,5}(\\_r\\d+)?$',''),('doid','http://disease-ontology.org/term/','^DOID\\:\\d+$',''),('D','http://www.yeastgenome.org/cgi-bin/locus.fpl?dbid=','^((S\\d+$)|(Y[A-Z]{2}\\d{3}[a-zA-Z](\\-[A-Z])?))$',''),('cath.superfamily','http://www.cathdb.info/cathnode/','^\\d+(\\.\\d+(\\.\\d+(\\.\\d+)?)?)?$',''),('peroxibase','http://identifiers.org/peroxibase/','^\\d+$',''),('Ch','http://identifiers.org/hmdb/','^HMDB\\d{5}$',''),('sabiork.ec','http://identifiers.org/sabiork.ec/','^((\\d+)|(\\d+\\.\\d+)|(\\d+\\.\\d+\\.\\d+)|(\\d+\\.\\d+\\.\\d+\\.\\d+))$',''),('Bsu','http://info.identifiers.org/subtiwiki/','^BSU\\d{5}$',''),('napp','http://info.identifiers.org/napp/','^\\d+$',''),('funcbase.fly','http://func.mshri.on.ca/fly/genes/list_functional_scores/','^\\d+$',''),('Wi','http://identifiers.org/wikipedia.en/','^[A-Za-z-0-9_]+$',''),('doqcs.pathway','http://doqcs.ncbs.res.in/template.php?y=pathwaydetails&pn=','^\\d+$',''),('bugbase.expt','http://identifiers.org/bugbase.expt/','^\\d+$',''),('pr','http://info.identifiers.org/pr/','^PR\\:\\d+$',''),('vbrc','http://info.identifiers.org/vbrc/','^\\d+$',''),('uberon','http://identifiers.org/uberon/','^UBERON\\:\\d+$',''),('flystock','http://info.identifiers.org/flystock/','^\\d+$',''),('E','http://www.ebi.ac.uk/intenz/query?cmd=SearchEC&ec=','^\\d+\\.-\\.-\\.-|\\d+\\.\\d+\\.-\\.-|\\d+\\.\\d+\\.\\d+\\.-|\\d+\\.\\d+\\.\\d+\\.(n)?\\d+$',''),('sheepqtldb','http://info.identifiers.org/sheepqtldb/','^\\d+$',''),('stap','http://info.identifiers.org/stap/','^[0-9][A-Za-z0-9]{3}$',''),('medlineplus','http://www.nlm.nih.gov/medlineplus/ency/article/','^\\d+$','.htm'),('eco','http://www.ebi.ac.uk/ontology-lookup/?termId=','ECO:\\d{7}$',''),('Z','http://zfin.org/action/marker/view/','ZDB\\-GENE\\-\\d+\\-\\d+',''),('eggnog','http://eggnog.embl.de/version_3.0/cgi/search.py?search_term_0=','^\\w+$',''),('cgsc','http://identifiers.org/cgsc/','^\\d+$',''),('yetfasco','http://yetfasco.ccbr.utoronto.ca/showPFM.php?mot=','^\\w+\\_\\d+(\\.\\d+)?$',''),('Cps','http://identifiers.org/pubchem.substance/','^\\d+$',''),('disprot','http://identifiers.org/disprot/','^DP\\d{5}$',''),('Mb','http://www.mirbase.org/cgi-bin/mirna_entry.pl?acc=','MI\\d{7}',''),('cath.superfamily','http://info.identifiers.org/cath.superfamily/','^\\d+(\\.\\d+(\\.\\d+(\\.\\d+)?)?)?$',''),('uniparc','http://www.uniprot.org/uniparc/','^UPI[A-F0-9]{10}$',''),('pombase','http://www.pombase.org/spombe/result/','^S\\w+(\\.)?\\w+(\\.)?$',''),('ydpm','http://www-deletion.stanford.edu/cgi-bin/YDPM/YDPM_search.cgi?thelist=','^Y[A-Z]{2}\\d+[CW]$',''),('pw','http://info.identifiers.org/pw/PW:','^\\d{7}$',''),('ChemblTarget','http://rdf.ebi.ac.uk/resource/chembl/target/',NULL,''),('amoebadb','http://info.identifiers.org/amoebadb/','^EDI_\\d+$',''),('Gg','http://info.identifiers.org/gramene.gene/','^GR\\:\\d+$',''),('oryzabase.strain','http://identifiers.org/oryzabase.strain/','^\\d+$',''),('Gg','http://identifiers.org/gramene.gene/','^GR\\:\\d+$',''),('sheepqtldb','http://identifiers.org/sheepqtldb/','^\\d+$',''),('omia','http://identifiers.org/omia/','^\\d+$',''),('issn','http://identifiers.org/issn/','^\\d{4}\\-\\d{4}$',''),('chembank','http://info.identifiers.org/chembank/','^\\d+$',''),('mesh.2013','http://www.nlm.nih.gov/cgi/mesh/2013/MB_cgi?mode=&index=','^[A-Za-z0-9]+$','&view=expanded'),('myco.lepra','http://mycobrowser.epfl.ch/leprosysearch.php?gene+name=','^ML\\w+$',''),('neurolex','http://identifiers.org/neurolex/','^([Bb]irnlex_|Sao|nlx_|GO_|CogPO|HDO)\\d+$',''),('elm','http://identifiers.org/elm/','^[A-Za-z_0-9]+$',''),('sabiork.ec','http://info.identifiers.org/sabiork.ec/','^((\\d+)|(\\d+\\.\\d+)|(\\d+\\.\\d+\\.\\d+)|(\\d+\\.\\d+\\.\\d+\\.\\d+))$',''),('intact.molecule','http://identifiers.org/intact.molecule/','^EBI\\-[0-9]+$',''),('bitterdb.rec','http://info.identifiers.org/bitterdb.rec/','^\\d+$',''),('bacmap.map','http://identifiers.org/bacmap.map/','^\\w+(\\_)?\\d+(\\.\\d+)?$',''),('hamap','http://info.identifiers.org/hamap/','^MF_\\d+$',''),('dbg2introns','http://webapps2.ucalgary.ca/~groupii/cgi-bin/intron.cgi?name=','^\\w{1,2}\\.(\\w{1,2}\\.)?[A-Za-z0-9]+$',''),('rnamods','http://info.identifiers.org/rnamods/','^\\d{3}$',''),('mmmp:biomaps','http://www.mmmp.org/MMMP/public/biomap/viewBiomap.mmmp?id=','^\\d+$',''),('Sma','http://identifiers.org/smart/','^SM\\d{5}$',''),('hpa','http://identifiers.org/hpa/','^ENSG\\d{11}$',''),('img.gene','http://identifiers.org/img.gene/','^\\d+$',''),('irefweb','http://info.identifiers.org/irefweb/','^\\d+$',''),('Pid','http://info.identifiers.org/pid.pathway/','^\\w+$',''),('Ia','http://identifiers.org/intact/','^EBI\\-[0-9]+$',''),('gramene.growthstage','http://info.identifiers.org/gramene.growthstage/','^GRO\\:\\d+$',''),('Cpc','http://identifiers.org/pubchem.compound/','^\\d+$',''),('kegg.metagenome','http://identifiers.org/kegg.metagenome/','^T3\\d+$',''),('dbprobe','http://www.ncbi.nlm.nih.gov/probe/?term=','^\\d+$',''),('maizegdb.locus','http://identifiers.org/maizegdb.locus/','^\\d+$',''),('iceberg.element','http://db-mml.sjtu.edu.cn/ICEberg/feature_page.php?ice_id=','^\\d+$',''),('cdd','http://identifiers.org/cdd/','^(cd)?\\d{5}$',''),('hdr','http://research.nhgri.nih.gov/apps/homeodomain/web/index.cgi?mode=view&amp%3Bview=proteins&amp%3Bid=','^\\d+$',''),('sabiork.kineticrecord','http://sabiork.h-its.org/newSearch?q=entryid%3A','^\\d+$',''),('dragondb.dna','http://antirrhinum.net/cgi-bin/ace/generic/tree/DragonDB?name=','^\\d\\w+$','%3Bclass%3DDNA'),('pato','http://www.ebi.ac.uk/ontology-lookup/?termId=','^PATO:\\d{7}$',''),('abs','http://info.identifiers.org/abs/','^A\\d+$',''),('ChemblTarget','http://data.kasabi.com/dataset/chembl-rdf/target/t',NULL,''),('gramene.protein','http://identifiers.org/gramene.protein/','^\\d+$',''),('wormbase.rnai','http://identifiers.org/wormbase.rnai/','^WBRNAi\\d{8}$',''),('dbprobe','http://info.identifiers.org/dbprobe/','^\\d+$',''),('paxdb.organism','http://pax-db.org/#!species/','^\\d+$',''),('pr','http://purl.bioontology.org/ontology/PR/','^PR\\:\\d+$',''),('Ip','http://www.ebi.ac.uk/Tools/dbfetch/dbfetch?db=ipi&id=','^IPI\\d{8}$','&format=default&style=html'),('ChemblTarget','http://linkedchemistry.info/chembl/target/t',NULL,''),('atc','http://info.identifiers.org/atc/','^\\w(\\d+)?(\\w{1,2})?(\\d+)?$',''),('Ce','http://www.ebi.ac.uk/ontology-lookup/?termId=CHEBI:','^\\d+$',''),('jstor','http://identifiers.org/jstor/','^\\d+$',''),('dragondb.allele','http://antirrhinum.net/cgi-bin/ace/generic/tree/DragonDB?name=','^\\w+$','&amp%3Bclass=Allele'),('dommino','http://info.identifiers.org/dommino/','^[0-9][A-Za-z0-9]{3}$',''),('dictybase.est','http://dictybase.org/db/cgi-bin/feature_page.pl?primary_id=','^DDB\\d+$',''),('adw','http://identifiers.org/adw/','^[A-Z_a-z]+$',''),('jws','http://identifiers.org/jws/','^\\w+$',''),('huge','http://identifiers.org/huge/','^KIAA\\d{4}$',''),('conoserver','http://identifiers.org/conoserver/','^\\d+$',''),('otl','http://identifiers.org/otl/','^A[A-Z]+\\d+$',''),('chemdb','http://cdb.ics.uci.edu/cgibin/ChemicalDetailWeb.py?chemical_id=','^\\d+$',''),('metlin','http://info.identifiers.org/metlin/','^\\d{4}$',''),('microsporidia','http://info.identifiers.org/microsporidia/','^\\w+$',''),('homd.seq','http://info.identifiers.org/homd.seq/','^SEQF\\d+$',''),('hinv.locus','http://identifiers.org/hinv.locus/','^HIX\\d{7}(\\.\\d+)?$',''),('bindingDB','http://www.bindingdb.org/bind/chemsearch/marvin/MolStructure.jsp?monomerid=','^\\d+$',''),('doi','http://identifiers.org/doi/','^(doi\\:)?\\d{2}\\.\\d{4}.*$',''),('neurondb','http://senselab.med.yale.edu/NeuronDB/NeuronProp.aspx?id=','^\\d+$',''),('En','http://info.identifiers.org/ensembl/','^((ENS[A-Z]*[FPTG]\\d{11}(\\.\\d+)?)|(FB\\w{2}\\d{7})|(Y[A-Z]{2}\\d{3}[a-zA-Z](\\-[A-Z])?)|([A-Z_a-z0-9]+(\\.)?(t)?(\\d+)?([a-z])?))$',''),('darc','http://darcsite.genzentrum.lmu.de/darc/view.php?id=','^\\d+$',''),('pseudomonas','http://identifiers.org/pseudomonas/','^P\\w+$',''),('gold.meta','http://info.identifiers.org/gold.meta/','^Gm\\d+$',''),('atcvet','http://www.whocc.no/atcvet/atcvet_index/?code=','^Q[A-Z0-9]+$',''),('hogenom','http://identifiers.org/hogenom/','^\\w+$',''),('vfdb.genus','http://info.identifiers.org/vfdb.genus/','^\\w+$',''),('kegg.module','http://info.identifiers.org/kegg.module/','^([a-z]{3,5}_)?M\\d{5}$',''),('csa','http://www.ebi.ac.uk/thornton-srv/databases/CSA_NEW/SearchResults.php?PDBID=','^[0-9][A-Za-z0-9]{3}$',''),('umbbd.compound','http://identifiers.org/umbbd.compound/','^c\\d+$',''),('orthodb','http://cegg.unige.ch/orthodb/results?searchtext=','^\\w+$',''),('Res','http://srs.ebi.ac.uk/srsbin/cgi-bin/wgetz?-id+6JSUg1NA6u4+-e+[RESID:\\\'','^AA\\d{4}$','\\\']'),('pdb.ligand','http://info.identifiers.org/pdb.ligand/','^[A-Za-z0-9]+$',''),('Ia','http://info.identifiers.org/intact/','^EBI\\-[0-9]+$',''),('phosphopoint.protein','http://info.identifiers.org/phosphopoint.protein/','^\\w+$',''),('Mbm','http://www.mirbase.org/cgi-bin/mature.pl?mature_acc=','MIMAT\\d{7}',''),('Ch','http://www.hmdb.ca/metabolites/','^HMDB\\d{5}$',''),('Kd','http://info.identifiers.org/kegg.drug/','^D\\d+$',''),('biosample','http://www.ebi.ac.uk/biosamples/browse.html?keywords=','^\\w{3}[NE](\\w)?\\d+$',''),('lrg','http://asia.ensembl.org/Homo_sapiens/LRG/Summary?lrg=','^LRG_\\d+$',''),('niaest','http://lgsun.grc.nia.nih.gov/cgi-bin/pro3?sname1=','^\\w\\d{4}\\w\\d{2}(\\-[35])?$',''),('sabiork.reaction','http://sabiork.h-its.org/newSearch?q=sabioreactionid%3A','^\\d+$',''),('Wi','http://dbpedia.org/resource/','^[A-Za-z-0-9_]+$',''),('polbase','http://polbase.neb.com/polymerases/','^[A-Za-z-0-9]+$','#sequences'),('arxiv','http://arxiv.org/abs/','^(\\w+(\\-\\w+)?(\\.\\w+)?/)?\\d{4,7}(\\.\\d{4}(v\\d+)?)?$',''),('bitterdb.rec','http://identifiers.org/bitterdb.rec/','^\\d+$',''),('bacmap.map','http://info.identifiers.org/bacmap.map/','^\\w+(\\_)?\\d+(\\.\\d+)?$',''),('cubedb','http://identifiers.org/cubedb/','^[A-Za-z_0-9]+$',''),('inchikey','http://www.chemspider.com/inchi-resolver/Resolver.aspx?q=','^[A-Z]{14}\\-[A-Z]{10}(\\-[A-N])?',''),('phosphosite.residue','http://www.phosphosite.org/siteAction.do?id=','^\\d+$',''),('efo','http://info.identifiers.org/efo/','^\\d{7}$',''),('otl','http://info.identifiers.org/otl/','^A[A-Z]+\\d+$',''),('plasmodb','http://plasmodb.org/plasmo/showRecord.do?name=GeneRecordClasses.GeneRecordClass&source_id=','^\\w+$',''),('atfdb.family','http://www.bioguo.org/AnimalTFDB/family.php?fam=','^\\w+$',''),('intact.molecule','http://www.ebi.ac.uk/intact/molecule/','^EBI\\-[0-9]+$',''),('imgt.ligm','http://genius.embnet.dkfz-heidelberg.de/menu/cgi-bin/srs7.1.3.1/wgetz?-id+4ktAl1fNMTA+-e+%5BIMGT%3A%27','^M\\d+$','%27%5D'),('pseudomonas','http://info.identifiers.org/pseudomonas/','^P\\w+$',''),('kegg.orthology','http://identifiers.org/kegg.orthology/','^K\\d+$',''),('bindingDB','http://identifiers.org/bindingDB/','^\\d+$',''),('jcm','http://info.identifiers.org/jcm/','^\\d+$',''),('EnXt','http://www.ensembl.org/Xenopus_tropicalis/Gene/Summary?g=','ENSXETG\\d{11}',''),('unigene','http://www.ncbi.nlm.nih.gov/unigene?term=','^\\d+$',''),('atc','http://identifiers.org/atc/','^\\w(\\d+)?(\\w{1,2})?(\\d+)?$',''),('ensembl.fungi','http://identifiers.org/ensembl.fungi/','^[A-Z-a-z0-9]+$',''),('insdc.sra','http://identifiers.org/insdc.sra/','^[SED]R[APRSXZ]\\d{6}',''),('phosphopoint.kinase','http://info.identifiers.org/phosphopoint.kinase/','^\\w+$',''),('nuclearbd','http://www.receptors.org/nucleardb/proteins/','^\\w+\\_\\w+$',''),('E','http://info.identifiers.org/ec-code/','^\\d+\\.-\\.-\\.-|\\d+\\.\\d+\\.-\\.-|\\d+\\.\\d+\\.\\d+\\.-|\\d+\\.\\d+\\.\\d+\\.(n)?\\d+$',''),('jaxmice','http://jaxmice.jax.org/strain/','^\\d+$','.html'),('Wg','http://info.identifiers.org/wikigenes/','^\\d+$',''),('Wp','http://www.wikipathways.org/instance/','WP\\d{1,5}(\\_r\\d+)?$',''),('Bm','http://www.ebi.ac.uk/biomodels-main/','^((BIOMD|MODEL)\\d{10})|(BMID\\d{12})$',''),('aspgd.protein','http://info.identifiers.org/aspgd.protein/','^[A-Za-z_0-9]+$',''),('uniparc','http://identifiers.org/uniparc/','^UPI[A-F0-9]{10}$',''),('Wi','http://info.identifiers.org/wikipedia.en/','^[A-Za-z-0-9_]+$',''),('yid','http://identifiers.org/yid/','^[A-Z0-9]+$',''),('biocarta.pathway','http://info.identifiers.org/biocarta.pathway/','^([hm]\\_)?\\w+Pathway$',''),('iuphar.receptor','http://identifiers.org/iuphar.receptor/','^\\d+$',''),('myco.lepra','http://info.identifiers.org/myco.lepra/','^ML\\w+$',''),('Cpc','http://pubchem.ncbi.nlm.nih.gov/rest/rdf/compound/CID','^\\d+$',''),('Ck','http://bio2rdf.org/cpd:','^C\\d+$',''),('Ck','http://identifiers.org/kegg.compound/','^C\\d+$',''),('Dip','http://identifiers.org/dip/','^DIP[\\:\\-]\\d{3}[EN]$',''),('D','http://info.identifiers.org/sgd/','^((S\\d+$)|(Y[A-Z]{2}\\d{3}[a-zA-Z](\\-[A-Z])?))$',''),('opb','http://identifiers.org/opb/','^OPB_\\d+$',''),('miriam.resource','http://info.identifiers.org/miriam.resource/','^MIR:001\\d{5}$',''),('ro','http://www.obofoundry.org/ro/#','^OBO_REL:\\w+$',''),('allergome','http://www.allergome.org/script/dettaglio.php?id_molecule=','^\\d+$',''),('R','http://identifiers.org/rgd/','^\\d{4,7}$',''),('umbbd.compound','http://umbbd.ethz.ch/servlets/pageservlet?ptype=c&compID=','^c\\d+$',''),('Res','http://srs.ebi.ac.uk/srsbin/cgi-bin/wgetz?-id+6JSUg1NA6u4+-e+%5BRESID%3A%27','^AA\\d{4}$','%27%5D'),('hdr','http://info.identifiers.org/hdr/','^\\d+$',''),('hinv.protein','http://h-invitational.jp/hinv/protein/protein_view.cgi?hip_id=','^HIP\\d{9}(\\.\\d+)?$',''),('inchi','http://identifiers.org/inchi/','^InChI\\=1S\\/[A-Za-z0-9]+(\\/[cnpqbtmsih][A-Za-z0-9\\-\\+\\(\\)\\,]+)+$',''),('giardiadb','http://info.identifiers.org/giardiadb/','^\\w+$',''),('bioproject','http://info.identifiers.org/bioproject/','^PRJ[DEN][A-Z]\\d+$',''),('go.ref','http://identifiers.org/go.ref/','^GO_REF:\\d{7}$',''),('X','http://info.identifiers.org/affy.probeset/','\\d{4,}((_[asx])?_at)?',''),('sgd.pathways','http://pathway.yeastgenome.org/YEAST/new-image?type=PATHWAY&object=','^PWY\\w{2}\\-\\d{3}$',''),('glida.gpcr','http://identifiers.org/glida.gpcr/','^[A-Z-_0-9]+$',''),('hssp','ftp://ftp.cmbi.ru.nl/pub/molbio/data/hssp/','^\\w{4}$','.hssp.bz2'),('arrayexpress','http://www.ebi.ac.uk/arrayexpress/experiments/','^[AEP]-\\w{4}-\\d+$',''),('mmrrc','http://www.mmrrc.org/catalog/getSDS.php?mmrrc_id=','^\\d+$',''),('Up','http://www.grenoble.prabi.fr/obiwarehouse/unipathway/upa?upid=','^UPA\\d{5}$',''),('Sw','http://identifiers.org/swiss-model/','^\\w+$',''),('chembl.target','http://info.identifiers.org/chembl.target/','^CHEMBL\\d+$',''),('Bm','http://info.identifiers.org/biomodels.db/','^((BIOMD|MODEL)\\d{10})|(BMID\\d{12})$',''),('cgsc','http://info.identifiers.org/cgsc/','^\\d+$',''),('rnamods','http://identifiers.org/rnamods/','^\\d{3}$',''),('ubio.namebank','http://identifiers.org/ubio.namebank/','^\\d+$',''),('Ip','http://identifiers.org/ipi/','^IPI\\d{8}$',''),('lrg','http://identifiers.org/lrg/','^LRG_\\d+$',''),('hgmd','http://www.hgmd.cf.ac.uk/ac/gene.php?gene=','^[A-Z_0-9]+$',''),('aclame','http://info.identifiers.org/aclame/','^mge:\\d+$',''),('ctd.disease','http://info.identifiers.org/ctd.disease/','^D\\d+$',''),('G','http://getentry.ddbj.nig.ac.jp/getentry?database=ddbj&accession_number=','^([A-Z]\\d{5}|[A-Z]{2}\\d{6}|[A-Z]{4}\\d{8}|[A-J][A-Z]{2}\\d{5})(\\.\\d+)?$',''),('fsnp','http://info.identifiers.org/fsnp/','^rs\\d+$',''),('worfdb','http://info.identifiers.org/worfdb/','^\\w+(\\.\\d+)?',''),('Ce','http://info.identifiers.org/chebi/CHEBI:','^\\d+$',''),('jws','http://info.identifiers.org/jws/','^\\w+$',''),('beetlebase','http://info.identifiers.org/beetlebase/','^TC\\d+$',''),('isbn','http://info.identifiers.org/isbn/','^(ISBN)?(-13|-10)?[:]?[ ]?(\\d{2,3}[ -]?)?\\d{1,5}[ -]?\\d{1,7}[ -]?\\d{1,6}[ -]?(\\d|X)$',''),('T','http://amigo.geneontology.org/cgi-bin/amigo/term_details?term=GO:','^\\d{7}$',''),('En','http://www.ensembl.org/id/','^((ENS[A-Z]*[FPTG]\\d{11}(\\.\\d+)?)|(FB\\w{2}\\d{7})|(Y[A-Z]{2}\\d{3}[a-zA-Z](\\-[A-Z])?)|([A-Z_a-z0-9]+(\\.)?(t)?(\\d+)?([a-z])?))$',''),('iuphar.family','http://www.iuphar-db.org/DATABASE/FamilyMenuForward?familyId=','^\\d+$',''),('Sdb','http://substrate.burnham.org/protein/annotation/','^\\d+$','/html'),('depod','http://info.identifiers.org/depod/','^[A-Z0-9]+$',''),('arrayexpress.platform','http://www.ebi.ac.uk/arrayexpress/arrays/','^[AEP]-\\w{4}-\\d+$',''),('geo','http://identifiers.org/geo/','^GDS\\d+$',''),('iuphar.family','http://info.identifiers.org/iuphar.family/','^\\d+$',''),('neurolex','http://info.identifiers.org/neurolex/','^([Bb]irnlex_|Sao|nlx_|GO_|CogPO|HDO)\\d+$',''),('unit','http://purl.bioontology.org/ontology/UO/','^UO:\\d{7}?',''),('bgee.gene','http://bgee.unil.ch/bgee/bgee?page=gene&action=summary&gene_id=','^(ENS|FBgn)\\w+$',''),('noncodev4.rna','http://www.noncode.org/show_rna.php?id=','^NONHSAT\\d{6}$',''),('miriam.resource','http://www.ebi.ac.uk/miriam/main/resources/','^MIR:001\\d{5}$',''),('bdgp.insertion','http://info.identifiers.org/bdgp.insertion/','^\\w+$',''),('mo','http://mged.sourceforge.net/ontologies/MGEDontology.php#','^\\w+$',''),('Pf','http://identifiers.org/pfam/','^PF\\d{5}$',''),('phylomedb','http://identifiers.org/phylomedb/','^\\w+$',''),('pato','http://info.identifiers.org/pato/','^PATO:\\d{7}$',''),('myco.lepra','http://identifiers.org/myco.lepra/','^ML\\w+$',''),('Kd','http://www.genome.jp/dbget-bin/www_bget?dr:','^D\\d+$',''),('Pgg','http://info.identifiers.org/pharmgkb.gene/','^PA\\w+$',''),('S','http://bio2rdf.org/uniprot:','^([A-N,R-Z][0-9][A-Z][A-Z, 0-9][A-Z, 0-9][0-9])|([O,P,Q][0-9][A-Z, 0-9][A-Z, 0-9][A-Z, 0-9][0-9])(\\.\\d+)?$',''),('mesh.2012','http://www.nlm.nih.gov/cgi/mesh/2012/MB_cgi?mode=&index=','^[A-Za-z0-9]+$','&view=expanded'),('biomodels.kisao','http://info.identifiers.org/biomodels.kisao/','^KISAO_\\d+$',''),('paxdb.protein','http://identifiers.org/paxdb.protein/','^\\d+$',''),('fma','http://info.identifiers.org/fma/','^FMA:\\d+$',''),('noncodev4.rna','http://identifiers.org/noncodev4.rna/','^NONHSAT\\d{6}$',''),('cdpd','http://identifiers.org/cdpd/','^\\d+$',''),('unite','http://info.identifiers.org/unite/','^UDB\\d{6}$',''),('biomodels.teddy','http://identifiers.org/biomodels.teddy/','^TEDDY_\\d{7}$',''),('degradome','http://degradome.uniovi.es/cgi-bin/protease/','^[AMCST][0-9x][0-9]$',''),('treebase','http://identifiers.org/treebase/','^TB[1,2]?:[A-Z][a-z]?\\d+$',''),('genpept','http://www.ncbi.nlm.nih.gov/protein/','^\\w{3}\\d{5}(\\.\\d+)?$','?report=genpept'),('dpv','http://www.dpvweb.net/dpv/showdpv.php?dpvno=','^\\d+$',''),('nextdb','http://identifiers.org/nextdb/','^[A-Za-z0-9]+$',''),('giardiadb','http://identifiers.org/giardiadb/','^\\w+$',''),('yetfasco','http://info.identifiers.org/yetfasco/','^\\w+\\_\\d+(\\.\\d+)?$',''),('Kp','http://bio2rdf.org/path:','^\\w{2,4}\\d{5}$',''),('toxoplasma','http://toxodb.org/toxo/showRecord.do?name=GeneRecordClasses.GeneRecordClass&source_id=','^\\w+$',''),('vbase2','http://www.vbase2.org/vgene.php?id=','^\\w+$',''),('Kg','http://identifiers.org/kegg.genes/','^\\w+:[\\w\\d\\.-]*$',''),('T','http://www.informatics.jax.org/searches/GO.cgi?id=GO:','^\\d{7}$',''),('cogs','http://info.identifiers.org/cogs/','^COG\\d+$',''),('Md','http://matrixdb.ibcp.fr/cgi-bin/model/report/default?name=','^([A-N,R-Z][0-9][A-Z][A-Z, 0-9][A-Z, 0-9][0-9])_.*|([O,P,Q][0-9][A-Z, 0-9][A-Z, 0-9][A-Z, 0-9][0-9]_.*)|(GAG_.*)|(MULT_.*)|(PFRAG_.*)|(LIP_.*)|(CAT_.*)$','&class=Association'),('fbol','http://www.fungalbarcoding.org/BioloMICS.aspx?Table=Fungal+barcodes&Rec=','^\\d+$','&Fields=All&ExactMatch=T'),('csa','http://info.identifiers.org/csa/','^[0-9][A-Za-z0-9]{3}$',''),('ctd.gene','http://identifiers.org/ctd.gene/','^\\d+$',''),('Sma','http://smart.embl-heidelberg.de/smart/do_annotation.pl?DOMAIN=','^SM\\d{5}$',''),('jcggdb','http://jcggdb.jp/idb/jcggdb/','^JCGG-STR\\d{6}$',''),('topdb','http://topdb.enzim.hu/?m=show&id=','^[A-Z0-9]+$',''),('Bsu','http://identifiers.org/subtiwiki/','^BSU\\d{5}$',''),('modeldb','http://identifiers.org/modeldb/','^\\d+$',''),('Q','http://identifiers.org/refseq/','^((AC|AP|NC|NG|NM|NP|NR|NT|NW|XM|XP|XR|YP|ZP)_\\d+|(NZ\\_[A-Z]{4}\\d+))(\\.\\d+)?$',''),('Rf','http://www.sanger.ac.uk/cgi-bin/Rfam/getacc?','^RF\\d+$',''),('chickenqtldb','http://identifiers.org/chickenqtldb/','^\\d+$',''),('worfdb','http://worfdb.dfci.harvard.edu/index.php?search_type=name&page=showresultrc&race_query=','^\\w+(\\.\\d+)?',''),('broad','http://identifiers.org/broad/','^S\\d+$',''),('doid','http://identifiers.org/doid/','^DOID\\:\\d+$',''),('Bc','http://bio2rdf.org/biocyc:','^[A-Z-0-9]+(?<!CHEBI)(\\:)?[A-Za-z0-9+_.%-]+$',''),('grin.taxonomy','http://www.ars-grin.gov/cgi-bin/npgs/html/taxon.pl?','^\\d+$',''),('genprop','http://identifiers.org/genprop/','^GenProp\\d+$',''),('bdgp.est','http://www.ncbi.nlm.nih.gov/nucest/','^\\w+(\\.)?(\\d+)?$',''),('datf','http://identifiers.org/datf/','^AT[1-5]G\\d{5}(\\.\\d+)?$',''),('mpid','http://info.identifiers.org/mpid/','^\\d+$',''),('aclame','http://aclame.ulb.ac.be/perl/Aclame/Genomes/mge_view.cgi?view=info&id=','^mge:\\d+$',''),('kegg.metagenome','http://info.identifiers.org/kegg.metagenome/','^T3\\d+$',''),('bykdb','http://bykdb.ibcp.fr/data/html/annotated/','^\\w+$','.html'),('I','http://bio2rdf.org/interpro:','^IPR\\d{6}$',''),('cogs.function','http://info.identifiers.org/cogs.function/','^[A-Z]$',''),('peroxibase','http://info.identifiers.org/peroxibase/','^\\d+$',''),('X','http://identifiers.org/affy.probeset/','\\d{4,}((_[asx])?_at)?',''),('abs','http://genome.crg.es/datasets/abs2005/entries/','^A\\d+$','.html'),('nasc','http://info.identifiers.org/nasc/','^(\\w+)?\\d+$',''),('cst','http://www.cellsignal.com/reference/pathway/','^[A-Za-z0-9_-]+$','.html'),('metabolights','http://www.ebi.ac.uk/metabolights/','^MTBLS\\d+$',''),('abs','http://identifiers.org/abs/','^A\\d+$',''),('sdbs','http://info.identifiers.org/sdbs/','\\d+$',''),('biosample','http://info.identifiers.org/biosample/','^\\w{3}[NE](\\w)?\\d+$',''),('dailymed','http://dailymed.nlm.nih.gov/dailymed/lookup.cfm?setid=','^[A-Za-z0-9-]+',''),('phosphopoint.protein','http://kinase.bioinformatics.tw/showall.jsp?type=PhosphoProtein&info=Gene&name=','^\\w+$','&drawing=0&sorting=0&kinome=0'),('treefam','http://www.treefam.org/family/','^\\w{1,2}\\d+$',''),('cryptodb','http://identifiers.org/cryptodb/','^\\w+',''),('homd.taxon','http://identifiers.org/homd.taxon/','^\\d+$',''),('ctd.gene','http://ctdbase.org/basicQuery.go?bqCat=gene&bq=','^\\d+$',''),('biocarta.pathway','http://www.biocarta.com/pathfiles/','^([hm]\\_)?\\w+Pathway$','.asp'),('bionumbers','http://www.bionumbers.hms.harvard.edu/bionumber.aspx?s=y&id=','^\\d+$','&ver=1'),('rebase','http://info.identifiers.org/rebase/','^\\d+$',''),('ensembl.bacteria','http://info.identifiers.org/ensembl.bacteria/','^((EB\\w+)|([A-Z0-9]+\\_[A-Z0-9]+))$',''),('Uc','http://genome.ucsc.edu/cgi-bin/hgTracks?position=','uc\\d{3}[a-z]{3}\\.\\d',''),('vario','http://info.identifiers.org/vario/','^VariO:\\d+$',''),('cdd','http://info.identifiers.org/cdd/','^(cd)?\\d{5}$',''),('vfdb.gene','http://www.mgc.ac.cn/cgi-bin/VFs/gene.cgi?GeneID=','^\\w+$',''),('cl','http://info.identifiers.org/cl/','^CL:\\d{7}$',''),('biosharing','http://info.identifiers.org/biosharing/','^bsg-\\d{6}$',''),('jcm','http://identifiers.org/jcm/','^\\d+$',''),('cogs.function','http://www.ncbi.nlm.nih.gov/COG/grace/wiew.cgi?fun=','^[A-Z]$',''),('merops','http://identifiers.org/merops/','^[SCTAGMNU]\\d{2}\\.\\d{3}$',''),('degradome','http://info.identifiers.org/degradome/','^[AMCST][0-9x][0-9]$',''),('mirnest','http://info.identifiers.org/mirnest/','^MNEST\\d+$',''),('bold.taxonomy','http://identifiers.org/bold.taxonomy/','^\\d+$',''),('fungidb','http://info.identifiers.org/fungidb/','^[A-Za-z_0-9]+$',''),('napp','http://napp.u-psud.fr/Niveau2.php?specie=','^\\d+$',''),('Wc','http://wheat.pw.usda.gov/sql?sql=select+distinct+genewgcreference.number+as+WGC,+reference.name+as+Reference,+reference.title+as+Title,+journal.name+as+Journal,+reference.volume+as+Volume,+reference.pages+as+Page+from+reference+inner+join+genewgcreference+on+genewgcreference.referenceid=reference.id+inner+join+journal+on+reference.journalid=journal.id+where+genewgcreference.number=',NULL,''),('grin.taxonomy','http://info.identifiers.org/grin.taxonomy/','^\\d+$',''),('EnEc','http://bacteria.ensembl.org/Escherichia_Shigella/E_coli_K12/Gene/Summary?g=','EBESCG\\d{11}',''),('ideal','http://info.identifiers.org/ideal/','^IID\\d+$',''),('oma.protein','http://omabrowser.org/cgi-bin/gateway.pl?f=DisplayEntry&p1=','^[A-Z0-9]{5}\\d+$',''),('broad','http://info.identifiers.org/broad/','^S\\d+$',''),('cst.ab','http://identifiers.org/cst.ab/','^\\d+$',''),('cdd','http://www.ncbi.nlm.nih.gov/Structure/cdd/cddsrv.cgi?uid=','^(cd)?\\d{5}$',''),('clinicaltrials','http://info.identifiers.org/clinicaltrials/','^NCT\\d{8}$',''),('OPS-TGR','http://tgr.pharma.openphacts.com/target/',NULL,''),('Gw','http://identifiers.org/genewiki/','^\\d+$',''),('unists','http://identifiers.org/unists/','^\\d+$',''),('I','http://identifiers.org/interpro/','^IPR\\d{6}$',''),('panther.pathway','http://identifiers.org/panther.pathway/','^P\\d{5}$',''),('pw','http://rgd.mcw.edu/rgdweb/ontology/annot.html?acc_id=PW:','^\\d{7}$',''),('orthodb','http://info.identifiers.org/orthodb/','^\\w+$',''),('kegg.environ','http://identifiers.org/kegg.environ/','^ev\\:E\\d+$',''),('M','http://purl.uniprot.org/mgi/','^\\d+$',''),('EnRn','http://www.ensembl.org/Rattus_norvegicus/Gene/Summary?g=','ENSRNOG\\d{11}',''),('Kp','http://info.identifiers.org/kegg.pathway/','^\\w{2,4}\\d{5}$',''),('pigqtldb','http://identifiers.org/pigqtldb/','^\\d+$',''),('Pp','http://www.phosphosite.org/proteinAction.do?id=','^\\d{5}$',''),('kegg.orthology','http://info.identifiers.org/kegg.orthology/','^K\\d+$',''),('chembank','http://identifiers.org/chembank/','^\\d+$',''),('bold.taxonomy','http://www.boldsystems.org/index.php/Taxbrowser_Taxonpage?taxid=','^\\d+$',''),('Cs','http://www.chemspider.com/Chemical-Structure.','^\\d+$',''),('Cs','http://www.chemspider.com/Chemical-Structure.','^\\d+$','.html'),('Cs','http://www.chemspider.com/Chemical-Structure.','^\\d+$','.rdf'),('sgd.pathways','http://info.identifiers.org/sgd.pathways/','^PWY\\w{2}\\-\\d{3}$',''),('sider.effect','http://sideeffects.embl.de/se/','^C\\d+$','/'),('dragondb.locus','http://identifiers.org/dragondb.locus/','^\\w+$',''),('Cc','http://info.identifiers.org/ccds/','^CCDS\\d+\\.\\d+$',''),('taxonomy','http://identifiers.org/taxonomy/','^\\d+$',''),('ydpm','http://info.identifiers.org/ydpm/','^Y[A-Z]{2}\\d+[CW]$',''),('taxonomy','http://www.uniprot.org/taxonomy/','^\\d+$',''),('neurolex','http://purl.bioontology.org/ontology/BIRNLEX/','^([Bb]irnlex_|Sao|nlx_|GO_|CogPO|HDO)\\d+$',''),('dictybase.gene','http://identifiers.org/dictybase.gene/','^DDB_G\\d+$',''),('Gw','http://plugins.biogps.org/cgi-bin/wp.cgi?id=','^\\d+$',''),('toxoplasma','http://identifiers.org/toxoplasma/','^\\w+$',''),('genedb','http://identifiers.org/genedb/','^[\\w\\d\\.-]*$',''),('imex','http://info.identifiers.org/imex/','^IM-\\d+(-?)(\\d+?)$',''),('narcis','http://www.narcis.nl/publication/RecordID/','^oai\\:cwi\\.nl\\:\\d+$',''),('cst','http://identifiers.org/cst/','^[A-Za-z0-9_-]+$',''),('ligandexpo','http://info.identifiers.org/ligandexpo/','^(\\w){3}$',''),('tair.protein','http://identifiers.org/tair.protein/','^AASequence:\\d{10}$',''),('ctd.chemical','http://identifiers.org/ctd.chemical/','^D\\d+$',''),('Lm','http://www.lipidmaps.org/data/get_lm_lipids_dbgif.php?LM_ID=','^LM(FA|GL|GP|SP|ST|PR|SL|PK)[0-9]{4}([0-9a-zA-Z]{4,6})?$',''),('bgee.family','http://identifiers.org/bgee.family/','^(ENSFM|ENSGTV:)\\d+$',''),('snomedct','http://identifiers.org/snomedct/','^(\\w+)?\\d+$',''),('massbank','http://identifiers.org/massbank/','^[A-Z]{2}[A-Z0-9][0-9]{5}$',''),('ensembl.fungi','http://info.identifiers.org/ensembl.fungi/','^[A-Z-a-z0-9]+$',''),('Hg','http://info.identifiers.org/homologene/','^\\d+$',''),('bitterdb.cpd','http://info.identifiers.org/bitterdb.cpd/','^\\d+$',''),('gramene.growthstage','http://identifiers.org/gramene.growthstage/','^GRO\\:\\d+$',''),('glycomedb','http://www.glycome-db.org/database/showStructure.action?glycomeId=','^\\d+$',''),('ro','http://identifiers.org/ro/','^OBO_REL:\\w+$',''),('scop','http://scop.berkeley.edu/sunid=','^\\d+$',''),('Ce','http://identifiers.org/obo.chebi/CHEBI:','^\\d+$',''),('cellimage','http://identifiers.org/cellimage/','^\\d+$',''),('pass2','http://info.identifiers.org/pass2/','^\\d+$',''),('bdgp.est','http://info.identifiers.org/bdgp.est/','^\\w+(\\.)?(\\d+)?$',''),('cgsc','http://cgsc.biology.yale.edu/Strain.php?ID=','^\\d+$',''),('glida.gpcr','http://info.identifiers.org/glida.gpcr/','^[A-Z-_0-9]+$',''),('snomedct','http://info.identifiers.org/snomedct/','^(\\w+)?\\d+$',''),('gxa.expt','http://identifiers.org/gxa.expt/','^[AEP]-\\w{4}-\\d+$',''),('bto','http://purl.bioontology.org/ontology/BTO/','^BTO:\\d{7}$',''),('Kl','http://info.identifiers.org/kegg.glycan/','^G\\d+$',''),('U','http://purl.uniprot.org/unigene/','[A-Z][a-z][a-z]?\\.\\d+',''),('nbn','http://nbn-resolving.org/resolver?identifier=','^urn\\:nbn\\:[A-Za-z_0-9]+\\:([A-Za-z_0-9]+\\:)?[A-Za-z_0-9]+$','&verb=full'),('img.taxon','http://identifiers.org/img.taxon/','^\\d+$',''),('X','http://bio2rdf.org/affymetrix:','\\d{4,}((_[asx])?_at)?',''),('door','http://identifiers.org/door/','^\\d+$',''),('inchi','http://www.ebi.ac.uk/chebi/advancedSearchFT.do?searchString=','^InChI\\=1S\\/[A-Za-z0-9]+(\\/[cnpqbtmsih][A-Za-z0-9\\-\\+\\(\\)\\,]+)+$',''),('snomedct','http://www.snomedbrowser.com/Codes/Details/','^(\\w+)?\\d+$',''),('arrayexpress.platform','http://info.identifiers.org/arrayexpress.platform/','^[AEP]-\\w{4}-\\d+$',''),('Mi','http://info.identifiers.org/mint/','^MINT\\-\\d{1,5}$',''),('hogenom','http://pbil.univ-lyon1.fr/cgi-bin/view-tree.pl?db=HOGENOM5&query=','^\\w+$',''),('bgee.gene','http://identifiers.org/bgee.gene/','^(ENS|FBgn)\\w+$',''),('Ch','http://info.identifiers.org/hmdb/','^HMDB\\d{5}$',''),('merops.family','http://info.identifiers.org/merops.family/','^[SCTAGMNU]\\d+$',''),('bitterdb.cpd','http://identifiers.org/bitterdb.cpd/','^\\d+$',''),('ndc','http://www.hipaaspace.com/Medical_Billing/Coding/National.Drug.Codes/','^\\d+\\-\\d+\\-\\d+',''),('Ec','http://ecogene.org/geneInfo.php?eg_id=','^EG\\d+$',''),('Re','http://identifiers.org/reactome/','^REACT_\\d+(\\.\\d+)?$',''),('antweb','http://www.antweb.org/specimen.do?name=','^casent\\d+(\\-D\\d+)?$',''),('dommino','http://orion.rnet.missouri.edu/~nz953/DOMMINO/index.php/result/show_network/','^[0-9][A-Za-z0-9]{3}$',''),('Tt','http://info.identifiers.org/ttd.target/','^TTDS\\d+$',''),('jaxmice','http://identifiers.org/jaxmice/','^\\d+$',''),('lrg','ftp://ftp.ebi.ac.uk/pub/databases/lrgex/','^LRG_\\d+$','.xml'),('S','http://www.ncbi.nlm.nih.gov/protein/','^([A-N,R-Z][0-9][A-Z][A-Z, 0-9][A-Z, 0-9][0-9])|([O,P,Q][0-9][A-Z, 0-9][A-Z, 0-9][A-Z, 0-9][0-9])(\\.\\d+)?$',''),('polbase','http://info.identifiers.org/polbase/','^[A-Za-z-0-9]+$',''),('jws','http://jjj.bio.vu.nl/cgi-bin/processModelSelection.py?keytype=modelname&keyword=','^\\w+$',''),('Str','http://info.identifiers.org/string/','^([A-N,R-Z][0-9][A-Z][A-Z, 0-9][A-Z, 0-9][0-9])|([O,P,Q][0-9][A-Z, 0-9][A-Z, 0-9][A-Z, 0-9][0-9])|([0-9][A-Za-z0-9]{3})$',''),('glycoepitope','http://www.glyco.is.ritsumei.ac.jp/epitope-bin/epitope.cgi?mode=general&epitope_id=','^EP\\d{4}$',''),('bacmap.biog','http://info.identifiers.org/bacmap.biog/','^\\d+$',''),('pdb.ligand','http://www.pdb.org/pdb/ligand/ligandsummary.do?hetId=','^[A-Za-z0-9]+$',''),('soybase','http://identifiers.org/soybase/','^\\w+(\\-)?\\w+(\\-)?\\w+$',''),('funcbase.yeast','http://func.mshri.on.ca/yeast/genes/list_functional_scores/','^\\d+$',''),('img.taxon','http://img.jgi.doe.gov/cgi-bin/w/main.cgi?section=TaxonDetail&taxon_oid=','^\\d+$',''),('jcsd','http://nikkajiweb.jst.go.jp/nikkaji_web/pages/top_e.jsp?CONTENT=syosai&SN=','^J\\d{1,3}(\\.\\d{3})?(\\.\\d{1,3})?[A-Za-z]$',''),('niaest','http://info.identifiers.org/niaest/','^\\w\\d{4}\\w\\d{2}(\\-[35])?$',''),('gmd.analyte','http://identifiers.org/gmd.analyte/','^([0-9a-fA-F]){8}(-([0-9a-fA-F]){4}){3}-([0-9a-fA-F]){12}$',''),('R','http://rgd.mcw.edu/tools/genes/genes_view.cgi?id=','^\\d{4,7}$',''),('Wg','http://identifiers.org/wikigenes/','^\\d+$',''),('tgd','http://info.identifiers.org/tgd/','^TTHERM\\_\\d+$',''),('piroplasma','http://piroplasmadb.org/piro/showRecord.do?name=GeneRecordClasses.GeneRecordClass&source_id=','^TA\\d+$',''),('prosite','http://prosite.expasy.org/','^PS\\d{5}$',''),('xenbase','http://identifiers.org/xenbase/','^(XB-GENE-)?\\d+$',''),('pmc','http://identifiers.org/pmc/','PMC\\d+',''),('ctd.gene','http://ctdbase.org/detail.go?type=gene&acc=','^\\d+$',''),('tissuelist','http://info.identifiers.org/tissuelist/','^TS-\\d{4}$',''),('lrg','http://uswest.ensembl.org/Homo_sapiens/LRG/Summary?lrg=','^LRG_\\d+$',''),('dictybase.est','http://identifiers.org/dictybase.est/','^DDB\\d+$',''),('bioproject','http://trace.ddbj.nig.ac.jp/BPSearch/bioproject?acc=','^PRJ[DEN][A-Z]\\d+$',''),('pmdb','http://info.identifiers.org/pmdb/','^PM\\d{7}',''),('treebase','http://purl.org/phylo/treebase/phylows/study/','^TB[1,2]?:[A-Z][a-z]?\\d+$','?format=html'),('gold.genome','http://identifiers.org/gold.genome/','^[Gi|Gc]\\d+$',''),('imgt.ligm','http://www.imgt.org/IMGTlect/?query=5+','^M\\d+$',''),('uniprot.isoform','http://www.uniprot.org/uniprot/','^([A-N,R-Z][0-9][A-Z][A-Z, 0-9][A-Z, 0-9][0-9])|([O,P,Q][0-9][A-Z, 0-9][A-Z, 0-9][A-Z, 0-9][0-9])(\\-\\d+)$',''),('Pd','http://www.rcsb.org/pdb/explore/explore.do?structureId=','^[0-9][A-Za-z0-9]{3}$',''),('autdb','http://autism.mindspec.org/GeneDetail/','^[A-Z]+[A-Z-0-9]{2,}$',''),('pdb-ccd','http://www.ebi.ac.uk/pdbe-srv/pdbechem/chemicalCompound/show/','^\\w{3}$',''),('cst','http://info.identifiers.org/cst/','^[A-Za-z0-9_-]+$',''),('chickenqtldb','http://www.animalgenome.org/cgi-bin/QTLdb/GG/qdetails?QTL_ID=','^\\d+$',''),('ma','http://info.identifiers.org/ma/','^MA:\\d+$',''),('dbest','http://getentry.ddbj.nig.ac.jp/getentry/na/','^[A-Z]\\d+(\\.\\d+)?$',''),('panther.pthcmp','http://identifiers.org/panther.pthcmp/','^G|P|U|C|S\\d{5}$',''),('chemdb','http://info.identifiers.org/chemdb/','^\\d+$',''),('lgic','http://www.ebi.ac.uk/compneur-srv/LGICdb/HTML/','^\\w+$','.php'),('G','http://bio2rdf.org/genbank:','^([A-Z]\\d{5}|[A-Z]{2}\\d{6}|[A-Z]{4}\\d{8}|[A-J][A-Z]{2}\\d{5})(\\.\\d+)?$',''),('maizegdb.locus','http://www.maizegdb.org/cgi-bin/displaylocusrecord.cgi?id=','^\\d+$',''),('aftol.taxonomy','http://identifiers.org/aftol.taxonomy/','^\\d+$',''),('atcc','http://identifiers.org/atcc/','^\\d+$',''),('Gw','http://info.identifiers.org/genewiki/','^\\d+$',''),('Cs','http://rdf.chemspider.com/','^\\d+$',''),('aspgd.protein','http://www.aspergillusgenome.org/cgi-bin/protein/proteinPage.pl?dbid=','^[A-Za-z_0-9]+$',''),('amoebadb','http://amoebadb.org/amoeba/showRecord.do?name=GeneRecordClasses.GeneRecordClass&source_id=','^EDI_\\d+$',''),('Z','http://identifiers.org/zfin/','ZDB\\-GENE\\-\\d+\\-\\d+',''),('arrayexpress','http://identifiers.org/arrayexpress/','^[AEP]-\\w{4}-\\d+$',''),('ndc','http://identifiers.org/ndc/','^\\d+\\-\\d+\\-\\d+',''),('ncit','http://identifiers.org/ncit/','^C\\d+$',''),('biocatalogue.service','https://www.biocatalogue.org/services/','^\\d+$',''),('Lb','http://identifiers.org/lipidbank/','^\\w+\\d+$',''),('imex','http://identifiers.org/imex/','^IM-\\d+(-?)(\\d+?)$',''),('darc','http://identifiers.org/darc/','^\\d+$',''),('Enzyme','http://purl.uniprot.org/enzyme/',NULL,''),('pmc','http://www.ncbi.nlm.nih.gov/pmc/articles/','PMC\\d+','/?tool=pubmed'),('genecards','http://info.identifiers.org/genecards/','^\\w+$',''),('paxdb.organism','http://identifiers.org/paxdb.organism/','^\\d+$',''),('modeldb','http://info.identifiers.org/modeldb/','^\\d+$',''),('Pgg','http://www.pharmgkb.org/gene/','^PA\\w+$',''),('sitex','http://info.identifiers.org/sitex/','^\\d+$',''),('topfind','http://clipserve.clip.ubc.ca/topfind/proteins/','^([A-N,R-Z][0-9][A-Z][A-Z, 0-9][A-Z, 0-9][0-9])|([O,P,Q][0-9][A-Z, 0-9][A-Z, 0-9][A-Z, 0-9][0-9])$',''),('omia','http://info.identifiers.org/omia/','^\\d+$',''),('Hac','http://info.identifiers.org/hgnc/','^(HGNC:)?\\d{1,5}$',''),('opm','http://identifiers.org/opm/','^[0-9][A-Za-z0-9]{3}$',''),('cath.domain','http://identifiers.org/cath.domain/','^\\w+$',''),('Rf','http://identifiers.org/rfam/','^RF\\d+$',''),('protonet.cluster','http://www.protonet.cs.huji.ac.il/requested/cluster_card.php?cluster=','^\\d+$',''),('gramene.qtl','http://identifiers.org/gramene.qtl/','^\\w+$',''),('zfin.phenotype','http://identifiers.org/zfin.phenotype/','^ZDB\\-GEN0\\-\\d+\\-\\d+$',''),('combine.specifications','http://info.identifiers.org/combine.specifications/','^\\w+(\\-|\\.|\\w)*$',''),('pmdb','http://mi.caspur.it/PMDB/user/search.php?idsearch=','^PM\\d{7}',''),('Hac','http://bio2rdf.org/hgnc:','^(HGNC:)?\\d{1,5}$',''),('Ec','http://maxd.cs.purdue.edu:9455/geneInfo.php?eg_id=','^EG\\d+$',''),('hinv.transcript','http://info.identifiers.org/hinv.transcript/','^HIT\\d{9}(\\.\\d+)?$',''),('Dr','http://identifiers.org/drugbank/','^DB\\d{5}$',''),('p3db.site','http://identifiers.org/p3db.site/','^\\d+$',''),('prodom','http://info.identifiers.org/prodom/','^PD\\d+$',''),('isbn','http://www.worldcat.org/isbn/','^(ISBN)?(-13|-10)?[:]?[ ]?(\\d{2,3}[ -]?)?\\d{1,5}[ -]?\\d{1,7}[ -]?\\d{1,6}[ -]?(\\d|X)$',''),('phenolexplorer','http://www.phenol-explorer.eu/contents/food/','^\\d+$',''),('umbbd.enzyme','http://identifiers.org/umbbd.enzyme/','^e\\d+$',''),('hssp','http://info.identifiers.org/hssp/','^\\w{4}$',''),('panther.pthcmp','http://info.identifiers.org/panther.pthcmp/','^G|P|U|C|S\\d{5}$',''),('gxa.gene','http://info.identifiers.org/gxa.gene/','^\\w+$',''),('Ce','http://www.ebi.ac.uk/chebi/searchId.do?chebiId=CHEBI:','^\\d+$',''),('pmap.cutdb','http://identifiers.org/pmap.cutdb/','^\\d+$',''),('isfinder','http://www-is.biotoul.fr/index.html?is_special_name=','^IS\\w+(\\-\\d)?$',''),('datf','http://info.identifiers.org/datf/','^AT[1-5]G\\d{5}(\\.\\d+)?$',''),('trichdb','http://identifiers.org/trichdb/','^\\w+$',''),('rgd.qtl','http://info.identifiers.org/rgd.qtl/','^\\d+$',''),('giardiadb','http://giardiadb.org/giardiadb/showRecord.do?name=GeneRecordClasses.GeneRecordClass&source_id=','^\\w+$',''),('chickenqtldb','http://info.identifiers.org/chickenqtldb/','^\\d+$',''),('cco','http://identifiers.org/cco/','^CCO\\:\\w+$',''),('mirex','http://identifiers.org/mirex/','^\\d+(\\w+)?$',''),('isfinder','http://identifiers.org/isfinder/','^IS\\w+(\\-\\d)?$',''),('merops.inhibitor','http://info.identifiers.org/merops.inhibitor/','^I\\d{2}\\.\\d{3}$',''),('knapsack','http://identifiers.org/knapsack/','^C\\d{8}',''),('elm','http://info.identifiers.org/elm/','^[A-Za-z_0-9]+$',''),('jws','http://jjj.mib.ac.uk/webMathematica/DataBaseSelection/processModelSelection.jsp?keytype=authors&keyword=','^\\w+$',''),('apd','http://info.identifiers.org/apd/','^\\d{5}$',''),('drsc','http://info.identifiers.org/drsc/','^DRSC\\d+$',''),('iuphar.receptor','http://www.iuphar-db.org/DATABASE/ObjectDisplayForward?objectId=','^\\d+$',''),('umbbd.reaction','http://identifiers.org/umbbd.reaction/','^r\\d+$',''),('sabiork.reaction','http://identifiers.org/sabiork.reaction/','^\\d+$',''),('inchikey','http://cactus.nci.nih.gov/chemical/structure/','^[A-Z]{14}\\-[A-Z]{10}(\\-[A-N])?','/names'),('sheepqtldb','http://www.animalgenome.org/cgi-bin/QTLdb/OA/qdetails?QTL_ID=','^\\d+$',''),('paleodb','http://paleodb.geology.wisc.edu/cgi-bin/bridge.pl?a=basicTaxonInfo&taxon_no=','^\\d+$',''),('Kl','http://identifiers.org/kegg.glycan/','^G\\d+$',''),('gabi','http://gabi.rzpd.de/database/cgi-bin/GreenCards.pl.cgi?BioObjectId=','^\\w+$','&Mode=ShowBioObject'),('cabri','http://www.be.cabri.org/CABRI/srs-bin/wgetz?-e+-page+EntryPage+%5B','^([A-Za-z]+)?(\\_)?([A-Za-z-]+)\\:([A-Za-z0-9 ]+)$','%5D'),('cygd','http://info.identifiers.org/cygd/','^\\w{2,3}\\d{2,4}(\\w)?$',''),('p3db.protein','http://www.p3db.org/protein.php?id=','^\\d+$','&amp%3Bref=0'),('gmd.ref','http://identifiers.org/gmd.ref/','^([0-9a-fA-F]){8}(-([0-9a-fA-F]){4}){3}-([0-9a-fA-F]){12}$',''),('yrcpdr','http://identifiers.org/yrcpdr/','^\\d+$',''),('pr','http://identifiers.org/pr/','^PR\\:\\d+$',''),('R','http://info.identifiers.org/rgd/','^\\d{4,7}$',''),('icd','http://identifiers.org/icd/','^[A-Z]\\d+(\\.[-\\d+])?$',''),('umbbd.enzyme','http://info.identifiers.org/umbbd.enzyme/','^e\\d+$',''),('genecards','http://www6.unito.it/cards/cgi-bin/carddisp.pl?gene=','^\\w+$',''),('Pgd','http://identifiers.org/pharmgkb.drug/','^PA\\d+$',''),('atcc','http://info.identifiers.org/atcc/','^\\d+$',''),('nuclearbd','http://info.identifiers.org/nuclearbd/','^\\w+\\_\\w+$',''),('paxdb.organism','http://info.identifiers.org/paxdb.organism/','^\\d+$',''),('Re','http://www.reactome.org/cgi-bin/eventbrowser_st_id?FROM_REACTOME=1&ST_ID=','^REACT_\\d+(\\.\\d+)?$',''),('pw','http://identifiers.org/obo.pw/PW:','^\\d{7}$',''),('viralzone','http://viralzone.expasy.org/all_by_protein/','^\\d+$','.html'),('phytozome.locus','http://identifiers.org/phytozome.locus/','^[A-Za-z0-9]+$',''),('ubio.namebank','http://www.ubio.org/browser/details.php?namebankID=','^\\d+$',''),('panther.node','http://identifiers.org/panther.node/','^PTN\\d{9}$',''),('biocarta.pathway','http://identifiers.org/biocarta.pathway/','^([hm]\\_)?\\w+Pathway$',''),('glycomedb','http://identifiers.org/glycomedb/','^\\d+$',''),('Os','http://www.gramene.org/Oryza_sativa/geneview?gene=','',''),('aspgd.locus','http://info.identifiers.org/aspgd.locus/','^[A-Za-z_0-9]+$',''),('Cpc','http://info.identifiers.org/pubchem.compound/','^\\d+$',''),('Hac','http://www.genenames.org/data/hgnc_data.php?hgnc_id=','^(HGNC:)?\\d{1,5}$',''),('gold.genome','http://info.identifiers.org/gold.genome/','^[Gi|Gc]\\d+$',''),('umbbd.reaction','http://info.identifiers.org/umbbd.reaction/','^r\\d+$',''),('arachnoserver','http://info.identifiers.org/arachnoserver/','^AS\\d{6}$',''),('gmd.profile','http://gmd.mpimp-golm.mpg.de/profile/default.aspx?XemlId=','^([0-9a-fA-F]){8}(-([0-9a-fA-F]){4}){3}-([0-9a-fA-F]){12}$',''),('wormbase.rnai','http://www.wormbase.org/species/c_elegans/rnai/','^WBRNAi\\d{8}$',''),('panther.family','http://info.identifiers.org/panther.family/','^PTHR\\d{5}(\\:SF\\d{1,3})?$',''),('ChemblId','http://linkedchemistry.info/chembl/',NULL,''),('dbest','http://www.ncbi.nlm.nih.gov/nucest/','^[A-Z]\\d+(\\.\\d+)?$',''),('chemidplus','http://info.identifiers.org/chemidplus/','^\\d+$',''),('aftol.taxonomy','http://info.identifiers.org/aftol.taxonomy/','^\\d+$',''),('pw','http://www.ebi.ac.uk/ontology-lookup/?termId=PW:','^\\d{7}$',''),('genetree','http://info.identifiers.org/genetree/','^ENSGT\\d+$',''),('psimod','http://info.identifiers.org/psimod/','^MOD:\\d{5}',''),('Bs','http://identifiers.org/biosystems/','^\\d+$',''),('pscdb','http://identifiers.org/pscdb/','^\\d+$',''),('clinicaltrials','http://clinicaltrials.gov/ct2/show/','^NCT\\d{8}$',''),('doqcs.model','http://info.identifiers.org/doqcs.model/','^\\d+$',''),('EnAg','http://www.ensembl.org/Anopheles_gambiae/Gene/Summary?_q=','AGAP\\d{6}',''),('mesh','http://bioportal.bioontology.org/ontologies/1351?p=terms&conceptid=',NULL,''),('knapsack','http://kanaya.naist.jp/knapsack_jsp/information.jsp?word=','^C\\d{8}',''),('Dip','http://info.identifiers.org/dip/','^DIP[\\:\\-]\\d{3}[EN]$',''),('Sk','http://info.identifiers.org/spike.map/','^spike\\d{5}$',''),('gramene.taxonomy','http://identifiers.org/gramene.taxonomy/','^GR\\_tax\\:\\d+$',''),('EnMm','http://www.ensembl.org/Mus_musculus/Gene/Summary?g=','ENSMUSG\\d{11}',''),('mipmod','http://bioinfo.iitk.ac.in/MIPModDB/result.php?code=','^\\w+$',''),('panther.node','http://info.identifiers.org/panther.node/','^PTN\\d{9}$',''),('rgd.qtl','http://rgd.mcw.edu/rgdweb/report/qtl/main.html?id=','^\\d+$',''),('chembank','http://chembank.broadinstitute.org/chemistry/viewMolecule.htm?cbid=','^\\d+$',''),('tritrypdb','http://tritrypdb.org/tritrypdb/showRecord.do?name=GeneRecordClasses.GeneRecordClass&source_id=','^\\w+(\\.)?\\w+(\\.)?\\w+',''),('tritrypdb','http://identifiers.org/tritrypdb/','^\\w+(\\.)?\\w+(\\.)?\\w+',''),('psimod','http://bioportal.bioontology.org/ontologies/1041?p=terms&conceptid=','^MOD:\\d{5}',''),('EnZm','http://www.maizesequence.org/Zea_mays/Gene/Summary?g=','',''),('proglyc','http://identifiers.org/proglyc/','^[A-Z]C\\d{1,3}$',''),('2d-page.protein','http://2dbase.techfak.uni-bielefeld.de/cgi-bin/2d/2d.cgi?ac=','^([A-N,R-Z][0-9][A-Z][A-Z, 0-9][A-Z, 0-9][0-9])|([O,P,Q][0-9][A-Z, 0-9][A-Z, 0-9][A-Z, 0-9][0-9])$',''),('T','http://info.identifiers.org/go/GO:','^\\d{7}$',''),('Spr','http://identifiers.org/sprint/','^PR\\d{5}$',''),('cabri','http://www.fr.cabri.org/CABRI/srs-bin/wgetz?-e+-page+EntryPage+%5B','^([A-Za-z]+)?(\\_)?([A-Za-z-]+)\\:([A-Za-z0-9 ]+)$','%5D'),('microsporidia','http://identifiers.org/microsporidia/','^\\w+$',''),('pirsf','http://identifiers.org/pirsf/','^PIRSF\\d{6}$',''),('asap','http://identifiers.org/asap/','^[A-Za-z0-9-]+$',''),('orthodb','http://identifiers.org/orthodb/','^\\w+$',''),('M','http://info.identifiers.org/mgd/MGI:','^\\d+$',''),('sabiork.kineticrecord','http://identifiers.org/sabiork.kineticrecord/','^\\d+$',''),('ecoliwiki','http://identifiers.org/ecoliwiki/','^[A-Za-z0-9-]+$',''),('Rk','http://bio2rdf.org/rn:','^R\\d+$',''),('myco.marinum','http://mycobrowser.epfl.ch/marinosearch.php?gene+name=','^MMAR\\_\\d+$',''),('glida.gpcr','http://pharminfo.pharm.kyoto-u.ac.jp/services/glida/gpcr_information.php?id=','^[A-Z-_0-9]+$',''),('unigene','http://www.ncbi.nlm.nih.gov/UniGene/clust.cgi?UGID=','^\\d+$',''),('mipmod','http://info.identifiers.org/mipmod/','^\\w+$',''),('fungidb','http://identifiers.org/fungidb/','^[A-Za-z_0-9]+$',''),('po','http://info.identifiers.org/po/','^PO\\:\\d+$',''),('hinv.locus','http://info.identifiers.org/hinv.locus/','^HIX\\d{7}(\\.\\d+)?$',''),('cattleqtldb','http://info.identifiers.org/cattleqtldb/','^\\d+$',''),('sciencesignaling.path','http://identifiers.org/sciencesignaling.path/','^CMP_\\d+$',''),('signaling-gateway','http://www.signaling-gateway.org/molecule/query?afcsid=','A\\d{6}$',''),('ro','http://info.identifiers.org/ro/','^OBO_REL:\\w+$',''),('jws','http://jjj.biochem.sun.ac.za/cgi-bin/processModelSelection.py?keytype=modelname&keyword=','^\\w+$',''),('biosharing','http://www.biosharing.org/','^bsg-\\d{6}$',''),('sider.drug','http://info.identifiers.org/sider.drug/','^\\d+$',''),('ctd.disease','http://ctdbase.org/detail.go?type=disease&db=MESH&acc=','^D\\d+$',''),('oma.grp','http://info.identifiers.org/oma.grp/','^[A-Z]+$',''),('peptideatlas','https://db.systemsbiology.net/sbeams/cgi/PeptideAtlas/Summarize_Peptide?query=QUERY&searchForThis=','^PAp[0-9]{8}$',''),('cmr.gene','http://info.identifiers.org/cmr.gene/','^\\w+(\\_)?\\w+$',''),('Pc','http://identifiers.org/pathwaycommons/','^\\d+$',''),('Bi','http://identifiers.org/bind/','^\\d+$',''),('eggnog','http://identifiers.org/eggnog/','^\\w+$',''),('icd','http://info.identifiers.org/icd/','^[A-Z]\\d+(\\.[-\\d+])?$',''),('inchi','http://www.chemspider.com/','^InChI\\=1S\\/[A-Za-z0-9]+(\\/[cnpqbtmsih][A-Za-z0-9\\-\\+\\(\\)\\,]+)+$',''),('odor','http://identifiers.org/odor/','^\\d+$',''),('chemdb','http://identifiers.org/chemdb/','^\\d+$',''),('pw','http://purl.bioontology.org/ontology/PW/PW:','^\\d{7}$',''),('Kl','http://bio2rdf.org/gl:','^G\\d+$',''),('cubedb','http://epsf.bmad.bii.a-star.edu.sg/cube/db/data/','^[A-Za-z_0-9]+$','/'),('tair.gene','http://info.identifiers.org/tair.gene/','^Gene:\\d{7}$',''),('inchikey','http://info.identifiers.org/inchikey/','^[A-Z]{14}\\-[A-Z]{10}(\\-[A-N])?',''),('unit','http://info.identifiers.org/unit/','^UO:\\d{7}?',''),('myco.smeg','http://identifiers.org/myco.smeg/','^MSMEG\\w+$',''),('viralzone','http://identifiers.org/viralzone/','^\\d+$',''),('paxdb.protein','http://pax-db.org/#!protein/','^\\d+$',''),('cl','http://purl.bioontology.org/ontology/CL/','^CL:\\d{7}$',''),('Sf','http://info.identifiers.org/supfam/','^\\w+$',''),('asap','http://info.identifiers.org/asap/','^[A-Za-z0-9-]+$',''),('U','http://www.ncbi.nlm.nih.gov/UniGene/clust.cgi?UGID=1548618&SEARCH=','[A-Z][a-z][a-z]?\\.\\d+',''),('cath.domain','http://www.cathdb.info/domain/','^\\w+$',''),('inchi','http://rdf.openmolecules.net/?','^InChI\\=1S\\/[A-Za-z0-9]+(\\/[cnpqbtmsih][A-Za-z0-9\\-\\+\\(\\)\\,]+)+$',''),('homd.seq','http://www.homd.org/modules.php?op=modload&name=GenomeList&file=index&link=detailinfo&seqid=','^SEQF\\d+$',''),('noncodev4.rna','http://info.identifiers.org/noncodev4.rna/','^NONHSAT\\d{6}$',''),('bioportal','http://info.identifiers.org/bioportal/','^\\d+$',''),('Bg','http://info.identifiers.org/biogrid/','^\\d+$',''),('pw','http://purl.obolibrary.org/obo/PW_','^\\d{7}$',''),('Wp','http://identifiers.org/wikipathways/','WP\\d{1,5}(\\_r\\d+)?$',''),('Kg','http://info.identifiers.org/kegg.genes/','^\\w+:[\\w\\d\\.-]*$',''),('kegg.disease','http://info.identifiers.org/kegg.disease/','^H\\d+$',''),('wormpep','http://wormbase.sanger.ac.uk/db/seq/protein?name=WP%3A','^CE\\d{5}$',''),('ConceptWiki','http://www.conceptwiki.org/concept/index/',NULL,''),('Pd','http://rdf.wwpdb.org/pdb/','^[0-9][A-Za-z0-9]{3}$',''),('Sn','http://identifiers.org/dbsnp/','^\\d+$',''),('Kl','http://www.genome.jp/dbget-bin/www_bget?gl:','^G\\d+$',''),('bugbase.protocol','http://info.identifiers.org/bugbase.protocol/','^\\d+$',''),('efo','http://identifiers.org/efo/','^\\d{7}$',''),('jstor','http://www.jstor.org/stable/','^\\d+$',''),('Kd','http://bio2rdf.org/dr:','^D\\d+$',''),('tair.protein','http://arabidopsis.org/servlets/TairObject?accession=','^AASequence:\\d{10}$',''),('fma','http://purl.bioontology.org/ontology/FMA_subset/','^FMA:\\d+$',''),('H','http://identifiers.org/hgnc.symbol/','^[A-Za-z-0-9_]+(\\@)?$',''),('odor','http://senselab.med.yale.edu/OdorDB/eavData.aspx?o=','^\\d+$',''),('Om','http://info.identifiers.org/omim/','^[*#+%^]?\\d{6}$',''),('molbase','http://www.molbase.com/en/index.php?app=search&search_keyword=','^(\\d{1,7}\\-\\d{2}\\-\\d)|([A-Za-z0-9\\+\\-\\_]+)$',''),('iuphar.receptor','http://info.identifiers.org/iuphar.receptor/','^\\d+$',''),('OPS-GVK','http://gvk.pharma.openphacts.com/targets/',NULL,''),('Q','http://www.ncbi.nlm.nih.gov/entrez/viewer.fcgi?val=','^((AC|AP|NC|NG|NM|NP|NR|NT|NW|XM|XP|XR|YP|ZP)_\\d+|(NZ\\_[A-Z]{4}\\d+))(\\.\\d+)?$',''),('Kg','http://www.kegg.jp/entry/','^\\w+:[\\w\\d\\.-]*$',''),('hssp','http://identifiers.org/hssp/','^\\w{4}$',''),('Sp','http://www.uniprot.org/uniprot/','^[A-Z0-9]+_[A-Z]+$',''),('protonet.proteincard','http://www.protonet.cs.huji.ac.il/requested/protein_card.php?protein_id=','^\\d+$',''),('bioportal','http://bioportal.bioontology.org/ontologies/','^\\d+$',''),('Md','http://identifiers.org/matrixdb.association/','^([A-N,R-Z][0-9][A-Z][A-Z, 0-9][A-Z, 0-9][0-9])_.*|([O,P,Q][0-9][A-Z, 0-9][A-Z, 0-9][A-Z, 0-9][0-9]_.*)|(GAG_.*)|(MULT_.*)|(PFRAG_.*)|(LIP_.*)|(CAT_.*)$',''),('norine','http://bioinfo.lifl.fr/norine/result.jsp?ID=','^NOR\\d+$',''),('adw','http://info.identifiers.org/adw/','^[A-Z_a-z]+$',''),('ird.segment','http://info.identifiers.org/ird.segment/','^\\w+(\\_)?\\d+(\\.\\d+)?$',''),('greengenes','http://identifiers.org/greengenes/','^\\d+$',''),('Pc','http://www.pathwaycommons.org/pc/record2.do?id=','^\\d+$',''),('Ia','http://www.ebi.ac.uk/intact/pages/details/details.xhtml?interactionAc=','^EBI\\-[0-9]+$',''),('ncim','http://identifiers.org/ncim/','^C\\d+$',''),('epd','http://srs.ebi.ac.uk/srsbin/cgi-bin/wgetz?-id+1fmSL1hlE31+-e+%5BEPD%3A%27','^[A-Z-_0-9]+$','%27%5D'),('cst.ab','http://www.cellsignal.com/products/','^\\d+$','.html'),('Hp','http://identifiers.org/hprd/','^\\d+$',''),('antweb','http://info.identifiers.org/antweb/','^casent\\d+(\\-D\\d+)?$',''),('Hg','http://identifiers.org/homologene/','^\\d+$',''),('ligandexpo','http://identifiers.org/ligandexpo/','^(\\w){3}$',''),('tritrypdb','http://info.identifiers.org/tritrypdb/','^\\w+(\\.)?\\w+(\\.)?\\w+',''),('Z','http://purl.uniprot.org/zfin/','ZDB\\-GENE\\-\\d+\\-\\d+',''),('aclame','http://identifiers.org/aclame/','^mge:\\d+$',''),('clustr','http://identifiers.org/clustr/','^[0-9A-Za-z]+:\\d+:\\d{1,5}(\\.\\d)?$',''),('oryzabase.stage','http://www.shigen.nig.ac.jp/rice/oryzabaseV4/devstageineachorgan/detail/','^\\d+$',''),('cath.superfamily','http://identifiers.org/cath.superfamily/','^\\d+(\\.\\d+(\\.\\d+(\\.\\d+)?)?)?$',''),('bugbase.protocol','http://identifiers.org/bugbase.protocol/','^\\d+$',''),('tol','http://tolweb.org/','^\\d+$',''),('ricegap','http://identifiers.org/ricegap/','^LOC\\_Os\\d{1,2}g\\d{5}$',''),('Re','http://info.identifiers.org/reactome/','^REACT_\\d+(\\.\\d+)?$',''),('sciencesignaling.pdc','http://stke.sciencemag.org/cgi/cm/stkecm;','^CMN_\\d+$',''),('biosample','http://identifiers.org/biosample/','^\\w{3}[NE](\\w)?\\d+$',''),('miriam.resource','http://identifiers.org/miriam.resource/','^MIR:001\\d{5}$',''),('ligandexpo','http://ligand-expo.rcsb.org/pyapps/ldHandler.py?formid=cc-index-search&target=','^(\\w){3}$','&operation=ccid'),('goa','http://www.ebi.ac.uk/QuickGO/GProtein?ac=','^([A-N,R-Z][0-9][A-Z][A-Z, 0-9][A-Z, 0-9][0-9])|([O,P,Q][0-9][A-Z, 0-9][A-Z, 0-9][A-Z, 0-9][0-9])$',''),('F','http://purl.uniprot.org/flybase/','^FB\\w{2}\\d{7}$',''),('nextprot','http://info.identifiers.org/nextprot/','^NX_\\w+',''),('greengenes','http://greengenes.lbl.gov/cgi-bin/show_one_record_v2.pl?prokMSA_id=','^\\d+$',''),('Cc','http://www.ncbi.nlm.nih.gov/CCDS/CcdsBrowse.cgi?REQUEST=ALLFIELDS&DATA=','^CCDS\\d+\\.\\d+$',''),('pscdb','http://idp1.force.cs.is.nagoya-u.ac.jp/pscdb/','^\\d+$','.html'),('tair.gene','http://identifiers.org/tair.gene/','^Gene:\\d{7}$',''),('Str','http://identifiers.org/string/','^([A-N,R-Z][0-9][A-Z][A-Z, 0-9][A-Z, 0-9][0-9])|([O,P,Q][0-9][A-Z, 0-9][A-Z, 0-9][A-Z, 0-9][0-9])|([0-9][A-Za-z0-9]{3})$',''),('grsdb','http://bioinformatics.ramapo.edu/GRSDB2/geneview.php?geneID=','^\\d+$',''),('unite','http://identifiers.org/unite/','^UDB\\d{6}$',''),('rebase','http://identifiers.org/rebase/','^\\d+$',''),('wormpep','http://identifiers.org/wormpep/','^CE\\d{5}$',''),('ird.segment','http://identifiers.org/ird.segment/','^\\w+(\\_)?\\d+(\\.\\d+)?$',''),('Rh','http://info.identifiers.org/rhea/','^\\d{5}$',''),('EnBt','http://www.ensembl.org/Bos_taurus/Gene/Summary?g=','ENSBTAG\\d{11}',''),('doqcs.pathway','http://info.identifiers.org/doqcs.pathway/','^\\d+$',''),('vbrc','http://identifiers.org/vbrc/','^\\d+$',''),('EnOj','http://www.gramene.org/Oryza_sativa/Gene/Summary?db=core;g=','',''),('Pf','http://pfam.sbc.su.se/family/','^PF\\d{5}$',''),('piroplasma','http://identifiers.org/piroplasma/','^TA\\d+$',''),('dbd','http://info.identifiers.org/dbd/','^\\d+$',''),('ordb','http://info.identifiers.org/ordb/','^\\d+$',''),('hamap','http://hamap.expasy.org/unirule/','^MF_\\d+$',''),('Sm','http://pathman.smpdb.ca/pathways/','^SMP\\d{5}$','/pathway'),('dbg2introns','http://info.identifiers.org/dbg2introns/','^\\w{1,2}\\.(\\w{1,2}\\.)?[A-Za-z0-9]+$',''),('so','http://identifiers.org/so/','^SO:\\d{7}$',''),('mmmp:biomaps','http://identifiers.org/mmmp:biomaps/','^\\d+$',''),('epd','http://epd.vital-it.ch/cgi-bin/query_result.pl?out_format=NICE&Entry_0=','^[A-Z-_0-9]+$',''),('Wp','http://www.wikipathways.org/index.php/Pathway:','WP\\d{1,5}(\\_r\\d+)?$',''),('Hp','http://www.hprd.org/protein/','^\\d+$',''),('drsc','http://www.flyrnai.org/cgi-bin/RNAi_gene_lookup_public.pl?gname=','^DRSC\\d+$',''),('viralzone','http://info.identifiers.org/viralzone/','^\\d+$',''),('stitch','http://info.identifiers.org/stitch/','^\\w{14}$',''),('cmr.gene','http://cmr.jcvi.org/cgi-bin/CMR/shared/GenePage.cgi?locus=','^\\w+(\\_)?\\w+$',''),('Pd','http://info.identifiers.org/pdb/','^[0-9][A-Za-z0-9]{3}$',''),('fungidb','http://fungidb.org/gene/','^[A-Za-z_0-9]+$',''),('ndc','http://info.identifiers.org/ndc/','^\\d+\\-\\d+\\-\\d+',''),('obi','http://purl.obolibrary.org/obo/','^OBI_\\d{7}$',''),('genecards','http://identifiers.org/genecards/','^\\w+$',''),('scop','http://info.identifiers.org/scop/','^\\d+$',''),('dailymed','http://identifiers.org/dailymed/','^[A-Za-z0-9-]+',''),('ligandbox','http://identifiers.org/ligandbox/','^D\\d{5}',''),('compulyeast','http://identifiers.org/compulyeast/','^([A-N,R-Z][0-9][A-Z][A-Z, 0-9][A-Z, 0-9][0-9])|([O,P,Q][0-9][A-Z, 0-9][A-Z, 0-9][A-Z, 0-9][0-9])$',''),('gramene.qtl','http://info.identifiers.org/gramene.qtl/','^\\w+$',''),('cazy','http://info.identifiers.org/cazy/','^GT\\d+$',''),('Ck','http://www.genome.jp/dbget-bin/www_bget?cpd:','^C\\d+$',''),('cco','http://bioportal.bioontology.org/ontologies/1507?p=terms&conceptid=','^CCO\\:\\w+$',''),('lrg','http://useast.ensembl.org/Homo_sapiens/LRG/Summary?lrg=','^LRG_\\d+$',''),('genefarm','http://identifiers.org/genefarm/','^\\d+$',''),('yid','http://metarray.ucsc.edu/cgi-bin/intron/yirIntrondb?orfName=','^[A-Z0-9]+$',''),('aceview.worm','http://identifiers.org/aceview.worm/','^[a-z0-9-]+$',''),('mesh.2012','http://info.identifiers.org/mesh.2012/','^[A-Za-z0-9]+$',''),('cazy','http://identifiers.org/cazy/','^GT\\d+$',''),('protonet.cluster','http://info.identifiers.org/protonet.cluster/','^\\d+$',''),('Wp','http://info.identifiers.org/wikipathways/','WP\\d{1,5}(\\_r\\d+)?$',''),('Rh','http://identifiers.org/rhea/','^\\d{5}$',''),('irefweb','http://wodaklab.org/iRefWeb/interaction/show/','^\\d+$',''),('niaest','http://identifiers.org/niaest/','^\\w\\d{4}\\w\\d{2}(\\-[35])?$',''),('glida.ligand','http://pharminfo.pharm.kyoto-u.ac.jp/services/glida/ligand_information.php?id=','^L\\d+$',''),('Dr','http://bio2rdf.org/drugbank:','^DB\\d{5}$',''),('vipr','http://identifiers.org/vipr/','^[A-Za-z 0-9]+$',''),('EP','http://info.identifiers.org/ensembl.plant/','^\\w+(\\.\\d+)?(\\.\\d+)?$',''),('miriam.collection','http://info.identifiers.org/miriam.collection/','^MIR:000\\d{5}$',''),('mimodb','http://info.identifiers.org/mimodb/','^\\d+$',''),('Cps','http://info.identifiers.org/pubchem.substance/','^\\d+$',''),('mirnest','http://identifiers.org/mirnest/','^MNEST\\d+$',''),('sabiork.reaction','http://info.identifiers.org/sabiork.reaction/','^\\d+$',''),('bacmap.biog','http://identifiers.org/bacmap.biog/','^\\d+$',''),('po','http://www.plantontology.org/amigo/go.cgi?view=details&query=','^PO\\:\\d+$',''),('obi','http://purl.bioontology.org/ontology/OBI/obo:','^OBI_\\d{7}$',''),('pubmed','http://info.identifiers.org/pubmed/','^\\d+$',''),('corum','http://info.identifiers.org/corum/','^\\d+$',''),('isbn','http://isbndb.com/search-all.html?kw=','^(ISBN)?(-13|-10)?[:]?[ ]?(\\d{2,3}[ -]?)?\\d{1,5}[ -]?\\d{1,7}[ -]?\\d{1,6}[ -]?(\\d|X)$',''),('rgd.qtl','http://identifiers.org/rgd.qtl/','^\\d+$',''),('caps','http://www.bioinsilico.org/cgi-bin/CAPSDB/getCAPScluster?nidcl=','^\\d+$',''),('corum','http://identifiers.org/corum/','^\\d+$',''),('molbase','http://identifiers.org/molbase/','^(\\d{1,7}\\-\\d{2}\\-\\d)|([A-Za-z0-9\\+\\-\\_]+)$',''),('opm','http://info.identifiers.org/opm/','^[0-9][A-Za-z0-9]{3}$',''),('hpa','http://info.identifiers.org/hpa/','^ENSG\\d{11}$',''),('protclustdb','http://info.identifiers.org/protclustdb/','^\\w+$',''),('gmd','http://gmd.mpimp-golm.mpg.de/Metabolites/','^([0-9a-fA-F]){8}(-([0-9a-fA-F]){4}){3}-([0-9a-fA-F]){12}$','.aspx'),('X','https://www.affymetrix.com/LinkServlet?probeset=','\\d{4,}((_[asx])?_at)?',''),('E','http://www.genome.jp/dbget-bin/www_bget?ec%3A','^\\d+\\.-\\.-\\.-|\\d+\\.\\d+\\.-\\.-|\\d+\\.\\d+\\.\\d+\\.-|\\d+\\.\\d+\\.\\d+\\.(n)?\\d+$',''),('norine','http://info.identifiers.org/norine/','^NOR\\d+$',''),('psimi','http://www.ebi.ac.uk/ontology-lookup/?termId=','^MI:\\d{4}$',''),('grin.taxonomy','http://identifiers.org/grin.taxonomy/','^\\d+$',''),('Nw','http://wiki.nugo.org/index.php/','',''),('cco','http://www.ebi.ac.uk/ontology-lookup/?termId=','^CCO\\:\\w+$',''),('panther.family','http://identifiers.org/panther.family/','^PTHR\\d{5}(\\:SF\\d{1,3})?$',''),('Ce','http://bio2rdf.org/chebi:','^\\d+$',''),('Sk','http://www.cs.tau.ac.il/~spike/maps/','^spike\\d{5}$','.html'),('hogenom','http://info.identifiers.org/hogenom/','^\\w+$',''),('Bm','http://bio2rdf.org/biomodels:','^((BIOMD|MODEL)\\d{10})|(BMID\\d{12})$',''),('Np','http://www.ncbi.nlm.nih.gov/protein/','^(\\w+\\d+(\\.\\d+)?)|(NP_\\d+)$',''),('gmd.analyte','http://info.identifiers.org/gmd.analyte/','^([0-9a-fA-F]){8}(-([0-9a-fA-F]){4}){3}-([0-9a-fA-F]){12}$',''),('bgee.family','http://info.identifiers.org/bgee.family/','^(ENSFM|ENSGTV:)\\d+$',''),('Sw','http://swissmodel.expasy.org/repository/smr.php?sptr_ac=','^\\w+$',''),('rouge','http://identifiers.org/rouge/','^m\\w+$',''),('zfin.expression','http://zfin.org/action/genotype/show_all_expression?genoID=','^ZDB\\-GEN0\\-\\d+\\-\\d+$',''),('T','http://purl.bioontology.org/ontology/GO/GO:','^\\d{7}$',''),('bioproject','http://www.ncbi.nlm.nih.gov/bioproject?term=','^PRJ[DEN][A-Z]\\d+$',''),('Cpc','http://pubchem.ncbi.nlm.nih.gov/summary/summary.cgi?cid=','^\\d+$',''),('bindingDB','http://info.identifiers.org/bindingDB/','^\\d+$',''),('imex','http://www.ebi.ac.uk/intact/imex/main.xhtml?query=','^IM-\\d+(-?)(\\d+?)$',''),('cldb','http://identifiers.org/cldb/','^cl\\d+$',''),('arxiv','http://identifiers.org/arxiv/','^(\\w+(\\-\\w+)?(\\.\\w+)?/)?\\d{4,7}(\\.\\d{4}(v\\d+)?)?$',''),('Rf','http://rfam.sanger.ac.uk/family/','^RF\\d+$',''),('panther.pathway','http://www.pantherdb.org/pathway/pathwayDiagram.jsp?catAccession=','^P\\d{5}$',''),('issn','http://catalog.loc.gov/cgi-bin/Pwebrecon.cgi?Search_Arg=0745-4570','^\\d{4}\\-\\d{4}$','&PID=le0kCQllk84KcxI3gMhUTowLMnn9H'),('umbbd.rule','http://www.umbbd.ethz.ch/servlets/rule.jsp?rule=','^bt\\d+$',''),('Cc','http://www.ncbi.nlm.nih.gov/CCDS/CcdsBrowse.cgi?REQUEST=CCDS&amp%3BDATA=','^CCDS\\d+\\.\\d+$',''),('metlin','http://identifiers.org/metlin/','^\\d{4}$',''),('opb','http://purl.bioontology.org/ontology/OPB/','^OPB_\\d+$',''),('nbrc','http://identifiers.org/nbrc/','^\\d+$',''),('gmd.analyte','http://gmd.mpimp-golm.mpg.de/Analytes/','^([0-9a-fA-F]){8}(-([0-9a-fA-F]){4}){3}-([0-9a-fA-F]){12}$',''),('pgn','http://pgn.cornell.edu/unigene/unigene_assembly_contigs.pl?unigene_id=','^\\d+$',''),('pscdb','http://info.identifiers.org/pscdb/','^\\d+$',''),('nbrc','http://www.nbrc.nite.go.jp/NBRC2/NBRCCatalogueDetailServlet?ID=NBRC&CAT=','^\\d+$',''),('pato','http://identifiers.org/pato/','^PATO:\\d{7}$',''),('genecards','http://bioinformatics.mdanderson.org/genecards/cgi-bin/carddisp.pl?gene=','^\\w+$',''),('pubmed','http://identifiers.org/pubmed/','^\\d+$',''),('D','http://identifiers.org/sgd/','^((S\\d+$)|(Y[A-Z]{2}\\d{3}[a-zA-Z](\\-[A-Z])?))$',''),('imgt.hla','http://www.ebi.ac.uk/cgi-bin/imgt/hla/get_allele.cgi?','^[A-Z0-9*:]+$',''),('tcdb','http://identifiers.org/tcdb/','^\\d+\\.[A-Z]\\.\\d+\\.\\d+\\.\\d+$',''),('hdr','http://identifiers.org/hdr/','^\\d+$',''),('uberon','http://www.ebi.ac.uk/ontology-lookup/?termId=','^UBERON\\:\\d+$',''),('clustr','http://info.identifiers.org/clustr/','^[0-9A-Za-z]+:\\d+:\\d{1,5}(\\.\\d)?$',''),('umbbd.compound','http://info.identifiers.org/umbbd.compound/','^c\\d+$',''),('prodom','http://identifiers.org/prodom/','^PD\\d+$',''),('merops','http://info.identifiers.org/merops/','^[SCTAGMNU]\\d{2}\\.\\d{3}$',''),('bitterdb.rec','http://bitterdb.agri.huji.ac.il/bitterdb/Receptor.php?id=','^\\d+$',''),('funcbase.human','http://identifiers.org/funcbase.human/','^\\d+$',''),('sabiork.ec','http://sabiork.h-its.org/newSearch?q=ecnumber%3A','^((\\d+)|(\\d+\\.\\d+)|(\\d+\\.\\d+\\.\\d+)|(\\d+\\.\\d+\\.\\d+\\.\\d+))$',''),('merops.family','http://merops.sanger.ac.uk/cgi-bin/famsum?family=','^[SCTAGMNU]\\d+$',''),('pharmgkb.disease','http://identifiers.org/pharmgkb.disease/','^PA\\d+$',''),('dragondb.dna','http://info.identifiers.org/dragondb.dna/','^\\d\\w+$',''),('Tb','http://identifiers.org/myco.tuber/','^Rv\\d{4}(A|B|c)?$',''),('dbest','http://identifiers.org/dbest/','^[A-Z]\\d+(\\.\\d+)?$',''),('cabri','http://identifiers.org/cabri/','^([A-Za-z]+)?(\\_)?([A-Za-z-]+)\\:([A-Za-z0-9 ]+)$',''),('Ec','http://ecogene.org/?q=gene%2F','^EG\\d+$',''),('plasmodb','http://info.identifiers.org/plasmodb/','^\\w+$',''),('ChemblMolecule','http://chem2bio2rdf.org/chembl/resource/chembl_compounds/',NULL,''),('Sbo','http://www.ebi.ac.uk/sbo/main/','^SBO:\\d{7}$',''),('S','http://info.identifiers.org/uniprot/','^([A-N,R-Z][0-9][A-Z][A-Z, 0-9][A-Z, 0-9][0-9])|([O,P,Q][0-9][A-Z, 0-9][A-Z, 0-9][A-Z, 0-9][0-9])(\\.\\d+)?$',''),('neuromorpho','http://identifiers.org/neuromorpho/','^\\w+$',''),('doid','http://www.ebi.ac.uk/ontology-lookup/?termId=','^DOID\\:\\d+$',''),('Cs','http://www.chemspider.com/','^\\d+$',''),('cl','http://www.ebi.ac.uk/ontology-lookup/?termId=','^CL:\\d{7}$',''),('mmdb','http://www.ncbi.nlm.nih.gov/Structure/mmdb/mmdbsrv.cgi?uid=','^\\d{1,5}$',''),('Bc','http://biocyc.org/getid?id=','^[A-Z-0-9]+(?<!CHEBI)(\\:)?[A-Za-z0-9+_.%-]+$',''),('scop','http://scop.mrc-lmb.cam.ac.uk/scop/search.cgi?sunid=','^\\d+$',''),('mesh.2013','http://identifiers.org/mesh.2013/','^[A-Za-z0-9]+$',''),('Wn','http://wheat.pw.usda.gov/report?class=gene;name=','',''),('mirex','http://info.identifiers.org/mirex/','^\\d+(\\w+)?$',''),('Tb','http://info.identifiers.org/myco.tuber/','^Rv\\d{4}(A|B|c)?$',''),('ydpm','http://identifiers.org/ydpm/','^Y[A-Z]{2}\\d+[CW]$',''),('oryzabase.mutant','http://info.identifiers.org/oryzabase.mutant/','^\\d+$',''),('En','http://purl.uniprot.org/ensembl/','^((ENS[A-Z]*[FPTG]\\d{11}(\\.\\d+)?)|(FB\\w{2}\\d{7})|(Y[A-Z]{2}\\d{3}[a-zA-Z](\\-[A-Z])?)|([A-Z_a-z0-9]+(\\.)?(t)?(\\d+)?([a-z])?))$',''),('En','http://asia.ensembl.org/id/','^((ENS[A-Z]*[FPTG]\\d{11}(\\.\\d+)?)|(FB\\w{2}\\d{7})|(Y[A-Z]{2}\\d{3}[a-zA-Z](\\-[A-Z])?)|([A-Z_a-z0-9]+(\\.)?(t)?(\\d+)?([a-z])?))$',''),('funcbase.mouse','http://identifiers.org/funcbase.mouse/','^\\d+$',''),('bgee.gene','http://info.identifiers.org/bgee.gene/','^(ENS|FBgn)\\w+$',''),('EnAt','http://www.gramene.org/Arabidopsis_thaliana/Gene/Summary?g=','AT[\\dCM]G\\d{5}\\-TAIR\\-G',''),('mirex','http://comgen.pl/mirex/?page=results%2Frecord&name=','^\\d+(\\w+)?$','&web_temp=1683440&exref=pp2a&limit=yes'),('W','http://identifiers.org/wormbase/','^(WBGene\\d{8}|([A-Z_a-z0-9]+(\\.)?(t)?(\\d+)?([a-z])?))$',''),('vbrc','http://vbrc.org/gene_detail.asp?gene_id=','^\\d+$',''),('cogs','http://www.ncbi.nlm.nih.gov/COG/grace/wiew.cgi?','^COG\\d+$',''),('doqcs.model','http://doqcs.ncbs.res.in/template.php?y=accessiondetails&an=','^\\d+$',''),('ordb','http://senselab.med.yale.edu/OrDB/eavData.aspx?o=','^\\d+$',''),('depod','http://identifiers.org/depod/','^[A-Z0-9]+$',''),('ensembl.bacteria','http://identifiers.org/ensembl.bacteria/','^((EB\\w+)|([A-Z0-9]+\\_[A-Z0-9]+))$',''),('glycomedb','http://info.identifiers.org/glycomedb/','^\\d+$',''),('Pd','http://identifiers.org/pdb/','^[0-9][A-Za-z0-9]{3}$',''),('glycoepitope','http://identifiers.org/glycoepitope/','^EP\\d{4}$',''),('door','http://info.identifiers.org/door/','^\\d+$',''),('jstor','http://info.identifiers.org/jstor/','^\\d+$',''),('Res','http://info.identifiers.org/resid/','^AA\\d{4}$',''),('rgd.strain','http://info.identifiers.org/rgd.strain/','^\\d+$',''),('soybase','http://info.identifiers.org/soybase/','^\\w+(\\-)?\\w+(\\-)?\\w+$',''),('Rk','http://identifiers.org/kegg.reaction/','^R\\d+$',''),('taxonomy','http://www.ebi.ac.uk/ena/data/view/Taxon:','^\\d+$',''),('Pd','http://purl.uniprot.org/pdb/','^[0-9][A-Za-z0-9]{3}$',''),('mimodb','http://identifiers.org/mimodb/','^\\d+$',''),('ensembl.metazoa','http://info.identifiers.org/ensembl.metazoa/','^\\w+(\\.)?\\d+$',''),('caps','http://info.identifiers.org/caps/','^\\d+$',''),('inchikey','http://identifiers.org/inchikey/','^[A-Z]{14}\\-[A-Z]{10}(\\-[A-N])?',''),('edam','http://info.identifiers.org/edam/','^(data|topic|operation|format)\\_\\d{4}$',''),('go.ref','http://info.identifiers.org/go.ref/','^GO_REF:\\d{7}$',''),('Np','http://identifiers.org/ncbiprotein/','^(\\w+\\d+(\\.\\d+)?)|(NP_\\d+)$',''),('pass2','http://identifiers.org/pass2/','^\\d+$',''),('kegg.genome','http://info.identifiers.org/kegg.genome/','^(T0\\d+|\\w{3,5})$',''),('phosphopoint.kinase','http://identifiers.org/phosphopoint.kinase/','^\\w+$',''),('pmp','http://identifiers.org/pmp/','^([A-N,R-Z][0-9][A-Z][A-Z, 0-9][A-Z, 0-9][0-9])|([O,P,Q][0-9][A-Z, 0-9][A-Z, 0-9][A-Z, 0-9][0-9])$',''),('ideal','http://identifiers.org/ideal/','^IID\\d+$',''),('eggnog','http://info.identifiers.org/eggnog/','^\\w+$',''),('Om','http://bio2rdf.org/omim:','^[*#+%^]?\\d{6}$',''),('mpid','http://identifiers.org/mpid/','^\\d+$',''),('dragondb.protein','http://identifiers.org/dragondb.protein/','^\\w+$',''),('pw','http://identifiers.org/pw/PW:','^\\d{7}$',''),('EnCf','http://www.ensembl.org/Canis_familiaris/Gene/Summary?g=','ENSCAFG\\d{11}',''),('orcid','https://orcid.org/','^\\d{4}-\\d{4}-\\d{4}-\\d{3}(\\d|X)$',''),('lrg','http://www.ensembl.org/Homo_sapiens/LRG/Summary?lrg=','^LRG_\\d+$',''),('bdgp.insertion','http://identifiers.org/bdgp.insertion/','^\\w+$',''),('ricegap','http://info.identifiers.org/ricegap/','^LOC\\_Os\\d{1,2}g\\d{5}$',''),('Spr','http://www.bioinf.manchester.ac.uk/cgi-bin/dbbrowser/sprint/searchprintss.cgi?prints_accn=','^PR\\d{5}$','&display_opts=Prints&category=None&queryform=false&regexpr=off'),('bgee.family','http://bgee.unil.ch/bgee/bgee?page=gene_family&action=family_details&gene_family_id=','^(ENSFM|ENSGTV:)\\d+$',''),('oma.protein','http://identifiers.org/oma.protein/','^[A-Z0-9]{5}\\d+$',''),('mmrrc','http://info.identifiers.org/mmrrc/','^\\d+$',''),('p3db.protein','http://info.identifiers.org/p3db.protein/','^\\d+$',''),('bgee.stage','http://identifiers.org/bgee.stage/','^(FBvd|XtroDO|HsapDO|MmusDO)\\:\\d+$',''),('img.taxon','http://info.identifiers.org/img.taxon/','^\\d+$',''),('umbbd.reaction','http://umbbd.ethz.ch/servlets/pageservlet?ptype=r&reacID=','^r\\d+$',''),('paleodb','http://paleodb.org/cgi-bin/bridge.pl?a=basicTaxonInfo&taxon_no=','^\\d+$',''),('drugbankTarget','http://www4.wiwiss.fu-berlin.de/drugbank/resource/targets/','^\\d+$',''),('kegg.orthology','http://www.kegg.jp/entry/','^K\\d+$',''),('mo','http://identifiers.org/mo/','^\\w+$',''),('icd','http://apps.who.int/classifications/icd10/browse/2010/en#/','^[A-Z]\\d+(\\.[-\\d+])?$',''),('gabi','http://identifiers.org/gabi/','^\\w+$',''),('Sdb','http://identifiers.org/pmap.substratedb/','^\\d+$',''),('tair.protein','http://info.identifiers.org/tair.protein/','^AASequence:\\d{10}$',''),('oma.grp','http://identifiers.org/oma.grp/','^[A-Z]+$',''),('beetlebase','http://beetlebase.org/cgi-bin/gbrowse/BeetleBase3.gff3/?name=','^TC\\d+$',''),('t3db','http://info.identifiers.org/t3db/','^T3D\\d+$',''),('ma','http://www.ebi.ac.uk/ontology-lookup/?termId=','^MA:\\d+$',''),('Dr','http://www4.wiwiss.fu-berlin.de/drugbank/resource/drugs/','^DB\\d{5}$',''),('datf','http://datf.cbi.pku.edu.cn/entry-display.php?id=','^AT[1-5]G\\d{5}(\\.\\d+)?$',''),('uberon','http://info.identifiers.org/uberon/','^UBERON\\:\\d+$',''),('cath.domain','http://info.identifiers.org/cath.domain/','^\\w+$',''),('gold.meta','http://genomesonline.org/cgi-bin/GOLD/bin/GOLDCards.cgi?goldstamp=','^Gm\\d+$',''),('zfin.phenotype','http://info.identifiers.org/zfin.phenotype/','^ZDB\\-GEN0\\-\\d+\\-\\d+$',''),('Ck','http://www.kegg.jp/entry/','^C\\d+$',''),('sgn','http://info.identifiers.org/sgn/','^\\d+$',''),('iceberg.family','http://db-mml.sjtu.edu.cn/ICEberg/browse_result.php?type=fam&fam_id=','^\\d+$',''),('atc','http://www.whocc.no/atc_ddd_index/?code=','^\\w(\\d+)?(\\w{1,2})?(\\d+)?$',''),('combine.specifications','http://co.mbine.org/specifications/','^\\w+(\\-|\\.|\\w)*$',''),('bitterdb.cpd','http://bitterdb.agri.huji.ac.il/bitterdb/compound.php?id=','^\\d+$',''),('gold.genome','http://www.genomesonline.org/cgi-bin/GOLD/GOLDCards.cgi?goldstamp=','^[Gi|Gc]\\d+$',''),('ctd.chemical','http://info.identifiers.org/ctd.chemical/','^D\\d+$',''),('pato','http://purl.bioontology.org/ontology/PATO/','^PATO:\\d{7}$',''),('doi','http://info.identifiers.org/doi/','^(doi\\:)?\\d{2}\\.\\d{4}.*$',''),('bionumbers','http://info.identifiers.org/bionumbers/','^\\d+$',''),('aspgd.locus','http://identifiers.org/aspgd.locus/','^[A-Za-z_0-9]+$',''),('cattleqtldb','http://www.animalgenome.org/cgi-bin/QTLdb/BT/qdetails?QTL_ID=','^\\d+$',''),('imgt.ligm','http://srs.ebi.ac.uk/srsbin/cgi-bin/wgetz?-id+1fmSL1g8Xvs+-e+%5BIMGTLIGM%3A%27','^M\\d+$','%27%5D'),('OPS-CRS','http://ops.rsc-us.org/',NULL,''),('medlineplus','http://info.identifiers.org/medlineplus/','^\\d+$',''),('protclustdb','http://www.ncbi.nlm.nih.gov/sites/entrez?Db=proteinclusters&Cmd=DetailsSearch&Term=','^\\w+$',''),('grsdb','http://info.identifiers.org/grsdb/','^\\d+$',''),('OPS-CRS','http://ops.rsc.org/',NULL,''),('jaxmice','http://info.identifiers.org/jaxmice/','^\\d+$',''),('atcvet','http://identifiers.org/atcvet/','^Q[A-Z0-9]+$',''),('jcsd','http://info.identifiers.org/jcsd/','^J\\d{1,3}(\\.\\d{3})?(\\.\\d{1,3})?[A-Za-z]$',''),('drsc','http://identifiers.org/drsc/','^DRSC\\d+$',''),('tarbase','http://info.identifiers.org/tarbase/','^\\w+\\-\\w+\\-\\w+',''),('Ob','http://www.shigen.nig.ac.jp/rice/oryzabase/gateway/gatewayAction.do?target=symbol&id=','',''),('pdb-ccd','http://identifiers.org/pdb-ccd/','^\\w{3}$',''),('pazar','http://info.identifiers.org/pazar/','^TF\\w+$',''),('scretf','http://info.identifiers.org/scretf/','^\\w+$',''),('lgic','http://info.identifiers.org/lgic/','^\\w+$',''),('ricegap','http://rice.plantbiology.msu.edu/cgi-bin/ORF_infopage.cgi?orf=','^LOC\\_Os\\d{1,2}g\\d{5}$',''),('cmr.gene','http://identifiers.org/cmr.gene/','^\\w+(\\_)?\\w+$',''),('Tb','http://tuberculist.epfl.ch/quicksearch.php?gene+name=','^Rv\\d{4}(A|B|c)?$',''),('peroxibase','http://peroxibase.toulouse.inra.fr/browse/process/view_perox.php?id=','^\\d+$',''),('bugbase.expt','http://info.identifiers.org/bugbase.expt/','^\\d+$',''),('pubmed','http://www.hubmed.org/display.cgi?uids=','^\\d+$',''),('hovergen','http://pbil.univ-lyon1.fr/cgi-bin/view-tree.pl?query=','^HBG\\d+$','&db=HOVERGEN'),('doi','http://hdl.handle.net/','^(doi\\:)?\\d{2}\\.\\d{4}.*$',''),('dbg2introns','http://identifiers.org/dbg2introns/','^\\w{1,2}\\.(\\w{1,2}\\.)?[A-Za-z0-9]+$',''),('panther.pthcmp','http://www.pantherdb.org/pathway/pathCatDetail.do?clsAccession=','^G|P|U|C|S\\d{5}$',''),('isbn','http://identifiers.org/isbn/','^(ISBN)?(-13|-10)?[:]?[ ]?(\\d{2,3}[ -]?)?\\d{1,5}[ -]?\\d{1,7}[ -]?\\d{1,6}[ -]?(\\d|X)$',''),('knapsack','http://info.identifiers.org/knapsack/','^C\\d{8}',''),('funcbase.mouse','http://func.mshri.on.ca/mouse/genes/list_functional_scores/','^\\d+$',''),('p3db.protein','http://identifiers.org/p3db.protein/','^\\d+$',''),('po','http://identifiers.org/po/','^PO\\:\\d+$',''),('vipr','http://info.identifiers.org/vipr/','^[A-Za-z 0-9]+$',''),('oryzabase.gene','http://info.identifiers.org/oryzabase.gene/','^\\d+$',''),('oryzabase.mutant','http://www.shigen.nig.ac.jp/rice/oryzabaseV4/strain/inducedMutationLine/detail/','^\\d+$',''),('psimi','http://purl.bioontology.org/ontology/PPIO/','^MI:\\d{4}$',''),('coriell','http://ccr.coriell.org/Sections/Search/Sample_Detail.aspx?Ref=','^[A-Z]{2}\\d+$',''),('odor','http://info.identifiers.org/odor/','^\\d+$',''),('orcid','http://identifiers.org/orcid/','^\\d{4}-\\d{4}-\\d{4}-\\d{3}(\\d|X)$',''),('pmc','http://europepmc.org/articles/','PMC\\d+',''),('Sm','http://identifiers.org/smpdb/','^SMP\\d{5}$',''),('orphanet','http://www.orpha.net/consor/cgi-bin/OC_Exp.php?Lng=EN&Expert=','^\\d+$',''),('funcat','http://info.identifiers.org/funcat/','^\\d{2}|\\d{2}\\.\\d{2}|\\d{2}\\.\\d{2}\\.\\d{2}|\\d{2}\\.\\d{2}\\.\\d{2}\\d{2}$',''),('phytozome.locus','http://www.phytozome.net/genePage.php?crown&method=0&search=1&detail=1&searchText=locusname%3A','^[A-Za-z0-9]+$',''),('trichdb','http://trichdb.org/trichdb/showRecord.do?name=GeneRecordClasses.GeneRecordClass&source_id=','^\\w+$',''),('gpcrdb','http://info.identifiers.org/gpcrdb/','^\\w+$',''),('Sn','http://www.ncbi.nlm.nih.gov/projects/SNP/snp_ref.cgi?rs=','^\\d+$',''),('2d-page.protein','http://info.identifiers.org/2d-page.protein/','^([A-N,R-Z][0-9][A-Z][A-Z, 0-9][A-Z, 0-9][0-9])|([O,P,Q][0-9][A-Z, 0-9][A-Z, 0-9][A-Z, 0-9][0-9])$',''),('Em','http://identifiers.org/ena.embl/','^[A-Z]+[0-9]+$',''),('microsporidia','http://microsporidiadb.org/micro/showRecord.do?name=GeneRecordClasses.GeneRecordClass&source_id=','^\\w+$',''),('protonet.proteincard','http://info.identifiers.org/protonet.proteincard/','^\\d+$',''),('metlin','http://metlin.scripps.edu/metabo_info.php?molid=','^\\d{4}$',''),('zfin.expression','http://info.identifiers.org/zfin.expression/','^ZDB\\-GEN0\\-\\d+\\-\\d+$',''),('Bs','http://www.ncbi.nlm.nih.gov/biosystems/','^\\d+$',''),('cygd','http://identifiers.org/cygd/','^\\w{2,3}\\d{2,4}(\\w)?$',''),('sgn','http://solgenomics.net/phenome/locus_display.pl?locus_id=','^\\d+$',''),('pmp','http://info.identifiers.org/pmp/','^([A-N,R-Z][0-9][A-Z][A-Z, 0-9][A-Z, 0-9][0-9])|([O,P,Q][0-9][A-Z, 0-9][A-Z, 0-9][A-Z, 0-9][0-9])$',''),('tissuelist','http://www.uniprot.org/tissues/','^TS-\\d{4}$',''),('doid','http://info.identifiers.org/doid/','^DOID\\:\\d+$',''),('EnGg','http://www.ensembl.org/Gallus_gallus/Gene/Summary?g=','ENSGALG\\d{11}',''),('echobase','http://info.identifiers.org/echobase/','^EB\\d+$',''),('uniprot.isoform','http://www.uniprot.org/uniparc/?query=','^([A-N,R-Z][0-9][A-Z][A-Z, 0-9][A-Z, 0-9][0-9])|([O,P,Q][0-9][A-Z, 0-9][A-Z, 0-9][A-Z, 0-9][0-9])(\\-\\d+)$',''),('tigrfam','http://www.jcvi.org/cgi-bin/tigrfams/HmmReportPage.cgi?acc=','^TIGR\\d+$',''),('aftol.taxonomy','http://wasabi.lutzonilab.net/pub/displayTaxonInfo?aftol_id=','^\\d+$',''),('hinv.locus','http://h-invitational.jp/hinv/spsoup/locus_view?hix_id=','^HIX\\d{7}(\\.\\d+)?$',''),('sciencesignaling.pic','http://identifiers.org/sciencesignaling.pic/','^CMC_\\d+$',''),('Lb','http://lipidbank.jp/cgi-bin/detail.cgi?id=','^\\w+\\d+$',''),('zfin.expression','http://identifiers.org/zfin.expression/','^ZDB\\-GEN0\\-\\d+\\-\\d+$',''),('cldb','http://bioinformatics.istge.it/hypercldb/','^cl\\d+$','.html'),('metabolights','http://identifiers.org/metabolights/','^MTBLS\\d+$',''),('imgt.hla','http://info.identifiers.org/imgt.hla/','^[A-Z0-9*:]+$',''),('Sf','http://supfam.org/SUPERFAMILY/cgi-bin/scop.cgi?ipid=','^\\w+$',''),('isfinder','http://info.identifiers.org/isfinder/','^IS\\w+(\\-\\d)?$',''),('tcdb','http://www.tcdb.org/search/result.php?tc=','^\\d+\\.[A-Z]\\.\\d+\\.\\d+\\.\\d+$',''),('panther.pathway','http://info.identifiers.org/panther.pathway/','^P\\d{5}$',''),('zfin.phenotype','http://zfin.org/action/genotype/show_all_phenotype?zdbID=','^ZDB\\-GEN0\\-\\d+\\-\\d+$',''),('Cpb','http://pubchem.ncbi.nlm.nih.gov/assay/assay.cgi?aid=','^\\d+$',''),('atcc','http://www.lgcstandards-atcc.org/Products/All/','^\\d+$','.aspx'),('otl','http://oryzatagline.cirad.fr/cgi-bin/general_mutant.pl?line=','^A[A-Z]+\\d+$',''),('cazy','http://www.cazy.org/','^GT\\d+$','.html'),('imgt.ligm','http://info.identifiers.org/imgt.ligm/','^M\\d+$',''),('funcat','http://identifiers.org/funcat/','^\\d{2}|\\d{2}\\.\\d{2}|\\d{2}\\.\\d{2}\\.\\d{2}|\\d{2}\\.\\d{2}\\.\\d{2}\\d{2}$',''),('oryzabase.stage','http://info.identifiers.org/oryzabase.stage/','^\\d+$',''),('Mg','http://www.maizegdb.org/cgi-bin/displaylocusresults.cgi?term=','',''),('EnSc','http://www.ensembl.org/Saccharomyces_cerevisiae/Gene/Summary?g=','Y[A-Z][RL]\\d{3}[WC](?:\\-[A-Z])?',''),('Dip','http://dip.doe-mbi.ucla.edu/dip/DIPview.cgi?ID=','^DIP[\\:\\-]\\d{3}[EN]$',''),('fma','http://identifiers.org/fma/','^FMA:\\d+$',''),('efo','http://www.ebi.ac.uk/ontology-lookup/?termId=EFO%3A','^\\d{7}$',''),('sider.effect','http://info.identifiers.org/sider.effect/','^C\\d+$',''),('Hg','http://bio2rdf.org/homologen:','^\\d+$',''),('charprot','http://www.jcvi.org/charprotdb/index.cgi/view/','^CH_\\d+$',''),('Hac','http://identifiers.org/hgnc/','^(HGNC:)?\\d{1,5}$',''),('nbn','http://identifiers.org/nbn/','^urn\\:nbn\\:[A-Za-z_0-9]+\\:([A-Za-z_0-9]+\\:)?[A-Za-z_0-9]+$',''),('Om','http://europe.omim.org/entry/','^[*#+%^]?\\d{6}$',''),('csa','http://identifiers.org/csa/','^[0-9][A-Za-z0-9]{3}$',''),('imgt.ligm','http://identifiers.org/imgt.ligm/','^M\\d+$',''),('Pd','http://service.pdbj.org/mine/summary/','^[0-9][A-Za-z0-9]{3}$',''),('so','http://www.ebi.ac.uk/ontology-lookup/?termId=','^SO:\\d{7}$',''),('gmd','http://identifiers.org/gmd/','^([0-9a-fA-F]){8}(-([0-9a-fA-F]){4}){3}-([0-9a-fA-F]){12}$',''),('hamap','http://identifiers.org/hamap/','^MF_\\d+$',''),('ncim','http://ncim.nci.nih.gov/ncimbrowser/ConceptReport.jsp?dictionary=NCI+MetaThesaurus&code=','^C\\d+$',''),('pazar','http://www.pazar.info/cgi-bin/tf_search.cgi?geneID=','^TF\\w+$',''),('mirnest','http://lemur.amu.edu.pl/share/php/mirnest/search.php?search_term=','^MNEST\\d+$',''),('pgn','http://identifiers.org/pgn/','^\\d+$',''),('EnCe','http://www.ensembl.org/Caenorhabditis_elegans/Gene/Summary?g=','',''),('genpept','http://identifiers.org/genpept/','^\\w{3}\\d{5}(\\.\\d+)?$',''),('G','http://info.identifiers.org/insdc/','^([A-Z]\\d{5}|[A-Z]{2}\\d{6}|[A-Z]{4}\\d{8}|[A-J][A-Z]{2}\\d{5})(\\.\\d+)?$',''),('vario','http://www.variationontology.org/cgi-bin/amivario/term-details.cgi?term=','^VariO:\\d+$',''),('ligandbox','http://info.identifiers.org/ligandbox/','^D\\d{5}',''),('ConceptWiki','http://www.conceptwiki.org/web-ws/concept/get?uuid=',NULL,''),('ma','http://identifiers.org/ma/','^MA:\\d+$',''),('arrayexpress.platform','http://identifiers.org/arrayexpress.platform/','^[AEP]-\\w{4}-\\d+$',''),('pdb-ccd','http://info.identifiers.org/pdb-ccd/','^\\w{3}$',''),('sgd.pathways','http://identifiers.org/sgd.pathways/','^PWY\\w{2}\\-\\d{3}$',''),('Hg','http://www.ncbi.nlm.nih.gov/homologene/','^\\d+$',''),('Res','http://identifiers.org/resid/','^AA\\d{4}$',''),('gramene.qtl','http://www.gramene.org/db/qtl/qtl_display?qtl_accession_id=','^\\w+$',''),('ChemblTarget','http://chem2bio2rdf.org/chembl/resource/chembl_targets/',NULL,''),('geo','http://info.identifiers.org/geo/','^GDS\\d+$',''),('arachnoserver','http://identifiers.org/arachnoserver/','^AS\\d{6}$',''),('EnDm','http://www.ensembl.org/Drosophila_melanogaster/Gene/Summary?g=','FBgn\\d{7}',''),('Up','http://identifiers.org/unipathway/','^UPA\\d{5}$',''),('worfdb','http://identifiers.org/worfdb/','^\\w+(\\.\\d+)?',''),('H','http://www.genenames.org/data/hgnc_data.php?match=','^[A-Za-z-0-9_]+(\\@)?$',''),('hinv.protein','http://info.identifiers.org/hinv.protein/','^HIP\\d{9}(\\.\\d+)?$',''),('efo','http://www.ebi.ac.uk/efo/EFO_','^\\d{7}$',''),('Kg','http://www.genome.jp/dbget-bin/www_bget?','^\\w+:[\\w\\d\\.-]*$',''),('pride','http://info.identifiers.org/pride/','^\\d+$',''),('pocketome','http://info.identifiers.org/pocketome/','^[A-Za-z_0-9]+',''),('taxonomy','http://purl.bioontology.org/ontology/NCBITAXON/obo:NCBITaxon_','^\\d+$',''),('genecards','http://genecards.bioinformatics.nl/cgi-bin/carddisp.pl?gene=','^\\w+$',''),('nasc','http://arabidopsis.info/StockInfo?NASC_id=','^(\\w+)?\\d+$',''),('psimod','http://www.ebi.ac.uk/ontology-lookup/?termId=','^MOD:\\d{5}',''),('kegg.environ','http://www.kegg.jp/entry/','^ev\\:E\\d+$',''),('xenbase','http://www.xenbase.org/gene/showgene.do?method=displayGeneSummary&geneId=','^(XB-GENE-)?\\d+$',''),('kegg.orthology','http://www.genome.jp/dbget-bin/www_bget?ko+','^K\\d+$',''),('AERS','http://aers.data2semantics.org/resource/drug/',NULL,''),('peptideatlas','http://identifiers.org/peptideatlas/','^PAp[0-9]{8}$',''),('Pgp','http://www.pharmgkb.org/pathway/','^PA\\d+$',''),('MSH','http://purl.bioontology.org/ontology/MSH/',NULL,''),('autdb','http://info.identifiers.org/autdb/','^[A-Z]+[A-Z-0-9]{2,}$',''),('sabiork.kineticrecord','http://info.identifiers.org/sabiork.kineticrecord/','^\\d+$',''),('biocatalogue.service','http://identifiers.org/biocatalogue.service/','^\\d+$',''),('sitex','http://identifiers.org/sitex/','^\\d+$',''),('Md','http://info.identifiers.org/matrixdb.association/','^([A-N,R-Z][0-9][A-Z][A-Z, 0-9][A-Z, 0-9][0-9])_.*|([O,P,Q][0-9][A-Z, 0-9][A-Z, 0-9][A-Z, 0-9][0-9]_.*)|(GAG_.*)|(MULT_.*)|(PFRAG_.*)|(LIP_.*)|(CAT_.*)$',''),('ChemblMolecule','http://data.kasabi.com/dataset/chembl-rdf/molecule/m',NULL,''),('phenolexplorer','http://identifiers.org/phenolexplorer/','^\\d+$',''),('fbol','http://identifiers.org/fbol/','^\\d+$',''),('Kp','http://www.kegg.jp/entry/','^\\w{2,4}\\d{5}$',''),('EnHs','http://www.ensembl.org/Homo_sapiens/Gene/Summary?g=','ENSG\\d{11}',''),('virsirna','http://info.identifiers.org/virsirna/','^virsi\\d+$',''),('kegg.disease','http://www.kegg.jp/entry/','^H\\d+$',''),('sider.drug','http://identifiers.org/sider.drug/','^\\d+$',''),('ligandexpo','http://ligand-depot.rutgers.edu/pyapps/ldHandler.py?formid=cc-index-search&target=','^(\\w){3}$','&operation=ccid'),('conoserver','http://info.identifiers.org/conoserver/','^\\d+$',''),('disprot','http://www.disprot.org/protein.php?id=','^DP\\d{5}$',''),('jcggdb','http://info.identifiers.org/jcggdb/','^JCGG-STR\\d{6}$',''),('bacmap.map','http://bacmap.wishartlab.com/maps/','^\\w+(\\_)?\\d+(\\.\\d+)?$','/index.html'),('neurondb','http://identifiers.org/neurondb/','^\\d+$',''),('Bi','http://www.bind.ca/Action?identifier=bindid&idsearch=','^\\d+$',''),('obi','http://identifiers.org/obi/','^OBI_\\d{7}$',''),('taxonomy','http://www.ncbi.nlm.nih.gov/Taxonomy/Browser/wwwtax.cgi?mode=Info&id=','^\\d+$',''),('biomodels.teddy','http://purl.bioontology.org/ontology/TEDDY/','^TEDDY_\\d{7}$',''),('Wr','http://wheat.pw.usda.gov/cgi-bin/graingenes/report.cgi?class=reference&name=','',''),('mycobank','http://identifiers.org/mycobank/','^\\d+$',''),('Em','http://info.identifiers.org/ena.embl/','^[A-Z]+[0-9]+$',''),('fma','http://www.ebi.ac.uk/ontology-lookup/?termId=','^FMA:\\d+$',''),('ensembl.protist','http://info.identifiers.org/ensembl.protist/','^\\w+$',''),('vfdb.gene','http://identifiers.org/vfdb.gene/','^\\w+$',''),('kegg.module','http://www.kegg.jp/entry/','^([a-z]{3,5}_)?M\\d{5}$',''),('Ma','http://www.ebi.ac.uk/thornton-srv/databases/cgi-bin/MACiE/entry/getPage.pl?id=','^M\\d{4}$',''),('T','http://identifiers.org/obo.go/GO:','^\\d{7}$',''),('bugbase.protocol','http://bugs.sgul.ac.uk/bugsbase/tabs/protocol.php?protocol_id=','^\\d+$','&amp%3Baction=view'),('uniprot.isoform','http://info.identifiers.org/uniprot.isoform/','^([A-N,R-Z][0-9][A-Z][A-Z, 0-9][A-Z, 0-9][0-9])|([O,P,Q][0-9][A-Z, 0-9][A-Z, 0-9][A-Z, 0-9][0-9])(\\-\\d+)$',''),('Mbm','http://info.identifiers.org/mirbase.mature/','MIMAT\\d{7}',''),('S','http://www.ebi.uniprot.org/entry/','^([A-N,R-Z][0-9][A-Z][A-Z, 0-9][A-Z, 0-9][0-9])|([O,P,Q][0-9][A-Z, 0-9][A-Z, 0-9][A-Z, 0-9][0-9])(\\.\\d+)?$',''),('hovergen','http://identifiers.org/hovergen/','^HBG\\d+$',''),('merops.inhibitor','http://merops.sanger.ac.uk/cgi-bin/pepsum?id=','^I\\d{2}\\.\\d{3}$',''),('bgee.stage','http://info.identifiers.org/bgee.stage/','^(FBvd|XtroDO|HsapDO|MmusDO)\\:\\d+$',''),('massbank','http://info.identifiers.org/massbank/','^[A-Z]{2}[A-Z0-9][0-9]{5}$',''),('Rk','http://www.genome.jp/dbget-bin/www_bget?rn:','^R\\d+$',''),('greengenes','http://info.identifiers.org/greengenes/','^\\d+$',''),('stap','http://identifiers.org/stap/','^[0-9][A-Za-z0-9]{3}$',''),('EnBs','http://bacteria.ensembl.org/Bacillus/B_subtilis/Gene/Summary?g=','EBBACG\\d{11}',''),('pubmed','http://www.ncbi.nlm.nih.gov/pubmed/','^\\d+$',''),('proglyc','http://info.identifiers.org/proglyc/','^[A-Z]C\\d{1,3}$',''),('noncodev4.gene','http://www.noncode.org/show_gene.php?id=','^NONHSAG\\d{5}$',''),('pmc','http://info.identifiers.org/pmc/','PMC\\d+',''),('Gl','http://www.gramene.org/db/literature/pub_search?ref_id=','',''),('genatlas','http://genatlas.medecine.univ-paris5.fr/fiche.php?symbol=','^\\w+$',''),('p3db.site','http://info.identifiers.org/p3db.site/','^\\d+$',''),('merops','http://merops.sanger.ac.uk/cgi-bin/pepsum?mid=','^[SCTAGMNU]\\d{2}\\.\\d{3}$',''),('omia','http://www.ncbi.nlm.nih.gov/sites/entrez?cmd=Retrieve&db=omia&dopt=Detailed&list_uids=','^\\d+$',''),('norine','http://identifiers.org/norine/','^NOR\\d+$',''),('insdc.sra','http://www.ncbi.nlm.nih.gov/sra/','^[SED]R[APRSXZ]\\d{6}','?report=full'),('oma.grp','http://omabrowser.org/cgi-bin/gateway.pl?f=DisplayGroup&p1=','^[A-Z]+$',''),('Ca','http://commonchemistry.org/ChemicalDetail.aspx?ref=','^\\d{1,7}\\-\\d{2}\\-\\d$',''),('nextprot','http://identifiers.org/nextprot/','^NX_\\w+',''),('bdgp.est','http://identifiers.org/bdgp.est/','^\\w+(\\.)?(\\d+)?$',''),('so','http://purl.bioontology.org/ontology/SO/','^SO:\\d{7}$',''),('inchi','http://info.identifiers.org/inchi/','^InChI\\=1S\\/[A-Za-z0-9]+(\\/[cnpqbtmsih][A-Za-z0-9\\-\\+\\(\\)\\,]+)+$',''),('Sw','http://info.identifiers.org/swiss-model/','^\\w+$',''),('drugbankTarget','http://www.drugbank.ca/molecules/','^\\d+$',''),('drugbankTarget','http://www.drugbank.ca/molecules/','^\\d+$','?as=target'),('medlineplus','http://identifiers.org/medlineplus/','^\\d+$',''),('D','http://purl.uniprot.org/sgd/','^((S\\d+$)|(Y[A-Z]{2}\\d{3}[a-zA-Z](\\-[A-Z])?))$',''),('mesh','http://info.identifiers.org/mesh/',NULL,''),('go.ref','http://www.geneontology.org/cgi-bin/references.cgi#','^GO_REF:\\d{7}$',''),('homd.seq','http://identifiers.org/homd.seq/','^SEQF\\d+$',''),('mo','http://info.identifiers.org/mo/','^\\w+$',''),('Spr','http://info.identifiers.org/sprint/','^PR\\d{5}$',''),('cellimage','http://info.identifiers.org/cellimage/','^\\d+$',''),('Up','http://info.identifiers.org/unipathway/','^UPA\\d{5}$',''),('maizegdb.locus','http://info.identifiers.org/maizegdb.locus/','^\\d+$',''),('ncit','http://ncit.nci.nih.gov/ncitbrowser/ConceptReport.jsp?dictionary=NCI+Thesaurus&code=','^C\\d+$',''),('Np','http://info.identifiers.org/ncbiprotein/','^(\\w+\\d+(\\.\\d+)?)|(NP_\\d+)$',''),('Pp','http://info.identifiers.org/phosphosite.protein/','^\\d{5}$',''),('eco','http://info.identifiers.org/eco/','ECO:\\d{7}$',''),('vario','http://identifiers.org/vario/','^VariO:\\d+$',''),('vfdb.gene','http://info.identifiers.org/vfdb.gene/','^\\w+$',''),('Ip','http://purl.uniprot.org/ipi/','^IPI\\d{8}$',''),('ordb','http://identifiers.org/ordb/','^\\d+$',''),('biomodels.kisao','http://identifiers.org/biomodels.kisao/','^KISAO_\\d+$',''),('glida.ligand','http://identifiers.org/glida.ligand/','^L\\d+$',''),('funcbase.human','http://info.identifiers.org/funcbase.human/','^\\d+$',''),('F','http://flybase.org/reports/','^FB\\w{2}\\d{7}$','.html'),('EnMx','http://bacteria.ensembl.org/Mycobacterium/M_tuberculosis_H37Rv/Gene/Summary?g=','EBMYCG\\d{11}',''),('Lm','http://identifiers.org/lipidmaps/','^LM(FA|GL|GP|SP|ST|PR|SL|PK)[0-9]{4}([0-9a-zA-Z]{4,6})?$',''),('amoebadb','http://identifiers.org/amoebadb/','^EDI_\\d+$',''),('degradome','http://identifiers.org/degradome/','^[AMCST][0-9x][0-9]$',''),('Gg','http://www.gramene.org/db/genes/search_gene?acc=','^GR\\:\\d+$',''),('Rf','http://rfam.janelia.org/family/','^RF\\d+$',''),('prosite','http://identifiers.org/prosite/','^PS\\d{5}$',''),('Kp','http://identifiers.org/kegg.pathway/','^\\w{2,4}\\d{5}$',''),('dpv','http://info.identifiers.org/dpv/','^\\d+$',''),('phosphosite.residue','http://identifiers.org/phosphosite.residue/','^\\d+$',''),('edam','http://purl.bioontology.org/ontology/EDAM/','^(data|topic|operation|format)\\_\\d{4}$',''),('dbd','http://identifiers.org/dbd/','^\\d+$',''),('inchi','http://webbook.nist.gov/cgi/cbook.cgi?','^InChI\\=1S\\/[A-Za-z0-9]+(\\/[cnpqbtmsih][A-Za-z0-9\\-\\+\\(\\)\\,]+)+$',''),('mmdb','http://identifiers.org/mmdb/','^\\d{1,5}$',''),('panther.node','http://www.pantree.org/node/annotationNode.jsp?id=','^PTN\\d{9}$',''),('jcsd','http://identifiers.org/jcsd/','^J\\d{1,3}(\\.\\d{3})?(\\.\\d{1,3})?[A-Za-z]$',''),('Lb','http://info.identifiers.org/lipidbank/','^\\w+\\d+$',''),('pigqtldb','http://www.animalgenome.org/cgi-bin/QTLdb/SS/qdetails?QTL_ID=','^\\d+$',''),('Om','http://purl.uniprot.org/mim/','^[*#+%^]?\\d{6}$',''),('hssp','ftp://ftp.embl-heidelberg.de/pub/databases/protein_extras/hssp/','^\\w{4}$','.hssp.bz2'),('funcbase.yeast','http://identifiers.org/funcbase.yeast/','^\\d+$',''),('Sk','http://identifiers.org/spike.map/','^spike\\d{5}$',''),('subtilist','http://identifiers.org/subtilist/','^BG\\d+$',''),('funcbase.fly','http://info.identifiers.org/funcbase.fly/','^\\d+$',''),('gmd.profile','http://identifiers.org/gmd.profile/','^([0-9a-fA-F]){8}(-([0-9a-fA-F]){4}){3}-([0-9a-fA-F]){12}$',''),('genecards','http://www.genecards.org/cgi-bin/carddisp.pl?gene=','^\\w+$',''),('sciencesignaling.path','http://info.identifiers.org/sciencesignaling.path/','^CMP_\\d+$',''),('unigene','http://identifiers.org/unigene/','^\\d+$',''),('pocketome','http://www.pocketome.org/files/','^[A-Za-z_0-9]+','.html'),('iceberg.element','http://identifiers.org/iceberg.element/','^\\d+$',''),('gmd.profile','http://info.identifiers.org/gmd.profile/','^([0-9a-fA-F]){8}(-([0-9a-fA-F]){4}){3}-([0-9a-fA-F]){12}$',''),('virsirna','http://crdd.osdd.net/servers/virsirnadb/record.php?details=','^virsi\\d+$',''),('opb','http://info.identifiers.org/opb/','^OPB_\\d+$',''),('Wg','http://www.wikigenes.org/e/gene/e/','^\\d+$','.html'),('gmd.ref','http://gmd.mpimp-golm.mpg.de/ReferenceSubstances/','^([0-9a-fA-F]){8}(-([0-9a-fA-F]){4}){3}-([0-9a-fA-F]){12}$',''),('cldb','http://info.identifiers.org/cldb/','^cl\\d+$',''),('adw','http://animaldiversity.ummz.umich.edu/accounts/','^[A-Z_a-z]+$','/'),('huge','http://info.identifiers.org/huge/','^KIAA\\d{4}$',''),('doqcs.pathway','http://identifiers.org/doqcs.pathway/','^\\d+$',''),('E','http://enzyme.expasy.org/EC/','^\\d+\\.-\\.-\\.-|\\d+\\.\\d+\\.-\\.-|\\d+\\.\\d+\\.\\d+\\.-|\\d+\\.\\d+\\.\\d+\\.(n)?\\d+$',''),('mmdb','http://info.identifiers.org/mmdb/','^\\d{1,5}$',''),('wormpep','http://info.identifiers.org/wormpep/','^CE\\d{5}$',''),('flystock','http://identifiers.org/flystock/','^\\d+$',''),('aspgd.locus','http://www.aspergillusgenome.org/cgi-bin/locus.pl?dbid=','^[A-Za-z_0-9]+$',''),('paleodb','http://info.identifiers.org/paleodb/','^\\d+$',''),('soybase','http://soybeanbreederstoolbox.org/search/search_results.php?category=SNP&search_term=','^\\w+(\\-)?\\w+(\\-)?\\w+$',''),('Ce','http://purl.obolibrary.org/obo/CHEBI_','^\\d+$',''),('dragondb.dna','http://identifiers.org/dragondb.dna/','^\\d\\w+$',''),('neuromorpho','http://info.identifiers.org/neuromorpho/','^\\w+$',''),('Cpb','http://info.identifiers.org/pubchem.bioassay/','^\\d+$',''),('Br','http://identifiers.org/brenda/','^((\\d+\\.-\\.-\\.-)|(\\d+\\.\\d+\\.-\\.-)|(\\d+\\.\\d+\\.\\d+\\.-)|(\\d+\\.\\d+\\.\\d+\\.\\d+))$',''),('pmdb','http://identifiers.org/pmdb/','^PM\\d{7}',''),('trichdb','http://info.identifiers.org/trichdb/','^\\w+$',''),('biomodels.teddy','http://info.identifiers.org/biomodels.teddy/','^TEDDY_\\d{7}$',''),('tissuelist','http://identifiers.org/tissuelist/','^TS-\\d{4}$',''),('bioportal','http://identifiers.org/bioportal/','^\\d+$',''),('issn','http://info.identifiers.org/issn/','^\\d{4}\\-\\d{4}$',''),('bto','http://info.identifiers.org/bto/','^BTO:\\d{7}$',''),('nextdb','http://info.identifiers.org/nextdb/','^[A-Za-z0-9]+$',''),('Bm','http://identifiers.org/biomodels.db/','^((BIOMD|MODEL)\\d{10})|(BMID\\d{12})$',''),('cabri','http://www.cabri.org/CABRI/srs-bin/wgetz?-e+-page+EntryPage+%5B','^([A-Za-z]+)?(\\_)?([A-Za-z-]+)\\:([A-Za-z0-9 ]+)$','%5D'),('atfdb.family','http://identifiers.org/atfdb.family/','^\\w+$',''),('Sdb','http://info.identifiers.org/pmap.substratedb/','^\\d+$',''),('aphidbase.transcript','http://identifiers.org/aphidbase.transcript/','^ACYPI\\d{6}(-RA)?$',''),('iuphar.ligand','http://identifiers.org/iuphar.ligand/','^\\d+$',''),('img.gene','http://img.jgi.doe.gov/cgi-bin/w/main.cgi?section=GeneDetail&gene_oid=','^\\d+$',''),('Ia','http://www.ebi.ac.uk/intact/interaction/','^EBI\\-[0-9]+$',''),('dragondb.allele','http://identifiers.org/dragondb.allele/','^\\w+$',''),('Eco','http://ecocyc.org/ECOLI/NEW-IMAGE?type=NIL&object=','',''),('atcvet','http://info.identifiers.org/atcvet/','^Q[A-Z0-9]+$',''),('Ip','http://info.identifiers.org/ipi/','^IPI\\d{8}$',''),('noncodev4.gene','http://info.identifiers.org/noncodev4.gene/','^NONHSAG\\d{5}$',''),('sciencesignaling.pdc','http://info.identifiers.org/sciencesignaling.pdc/','^CMN_\\d+$',''),('funcbase.fly','http://identifiers.org/funcbase.fly/','^\\d+$',''),('Pf','http://pfam.janelia.org/family/','^PF\\d{5}$',''),('oryzabase.gene','http://www.shigen.nig.ac.jp/rice/oryzabaseV4/gene/detail/','^\\d+$',''),('miriam.collection','http://www.ebi.ac.uk/miriam/main/','^MIR:000\\d{5}$',''),('nextprot','http://www.nextprot.org/db/entry/','^NX_\\w+',''),('sgn','http://identifiers.org/sgn/','^\\d+$',''),('tarbase','http://identifiers.org/tarbase/','^\\w+\\-\\w+\\-\\w+',''),('mycobank','http://www.mycobank.org/Biolomics.aspx?Table=Mycobank&MycoBankNr_=','^\\d+$',''),('Pd','http://www.pdbe.org/','^[0-9][A-Za-z0-9]{3}$',''),('uniparc','http://info.identifiers.org/uniparc/','^UPI[A-F0-9]{10}$',''),('Cc','http://identifiers.org/ccds/','^CCDS\\d+\\.\\d+$',''),('Sbo','http://purl.bioontology.org/ontology/SBO/','^SBO:\\d{7}$',''),('doqcs.model','http://identifiers.org/doqcs.model/','^\\d+$',''),('dictybase.gene','http://dictybase.org/gene/','^DDB_G\\d+$',''),('unists','http://www.ncbi.nlm.nih.gov/genome/sts/sts.cgi?uid=','^\\d+$',''),('Hp','http://info.identifiers.org/hprd/','^\\d+$',''),('A','http://info.identifiers.org/tair.locus/','^AT[1-5]G\\d{5}$',''),('sider.effect','http://identifiers.org/sider.effect/','^C\\d+$',''),('narcis','http://info.identifiers.org/narcis/','^oai\\:cwi\\.nl\\:\\d+$',''),('napp','http://identifiers.org/napp/','^\\d+$',''),('topfind','http://info.identifiers.org/topfind/','^([A-N,R-Z][0-9][A-Z][A-Z, 0-9][A-Z, 0-9][0-9])|([O,P,Q][0-9][A-Z, 0-9][A-Z, 0-9][A-Z, 0-9][0-9])$',''),('pr','http://pir.georgetown.edu/cgi-bin/pro/entry_pro?id=','^PR\\:\\d+$',''),('edam','http://identifiers.org/edam/','^(data|topic|operation|format)\\_\\d{4}$',''),('cattleqtldb','http://identifiers.org/cattleqtldb/','^\\d+$',''),('dictybase.est','http://info.identifiers.org/dictybase.est/','^DDB\\d+$',''),('Ip','http://bio2rdf.org/ipi:','^IPI\\d{8}$',''),('nbn','http://info.identifiers.org/nbn/','^urn\\:nbn\\:[A-Za-z_0-9]+\\:([A-Za-z_0-9]+\\:)?[A-Za-z_0-9]+$',''),('Pd','http://www.pdb.org/pdb/explore/explore.do?pdbId=','^[0-9][A-Za-z0-9]{3}$',''),('bioproject','http://identifiers.org/bioproject/','^PRJ[DEN][A-Z]\\d+$',''),('mesh','http://identifiers.org/mesh/',NULL,''),('hgmd','http://info.identifiers.org/hgmd/','^[A-Z_0-9]+$',''),('Bg','http://thebiogrid.org/','^\\d+$',''),('ensembl.protist','http://protists.ensembl.org/id/','^\\w+$',''),('pubmed','http://europepmc.org/abstract/MED/','^\\d+$',''),('paxdb.protein','http://info.identifiers.org/paxdb.protein/','^\\d+$',''),('hinv.transcript','http://h-invitational.jp/hinv/spsoup/transcript_view?hit_id=','^HIT\\d{9}(\\.\\d+)?$',''),('umbbd.enzyme','http://umbbd.ethz.ch/servlets/pageservlet?ptype=ep&enzymeID=','^e\\d+$',''),('pirsf','http://info.identifiers.org/pirsf/','^PIRSF\\d{6}$',''),('ideal','http://idp1.force.cs.is.nagoya-u.ac.jp/IDEAL/idealItem.php?id=','^IID\\d+$',''),('snomedct','http://vtsl.vetmed.vt.edu/TerminologyMgt/Browser/ISA.cfm?SCT_ConceptID=','^(\\w+)?\\d+$',''),('rgd.strain','http://identifiers.org/rgd.strain/','^\\d+$',''),('ncit','http://info.identifiers.org/ncit/','^C\\d+$',''),('Br','http://www.brenda-enzymes.org/php/result_flat.php4?ecno=','^((\\d+\\.-\\.-\\.-)|(\\d+\\.\\d+\\.-\\.-)|(\\d+\\.\\d+\\.\\d+\\.-)|(\\d+\\.\\d+\\.\\d+\\.\\d+))$',''),('I','http://info.identifiers.org/interpro/','^IPR\\d{6}$',''),('glycoepitope','http://info.identifiers.org/glycoepitope/','^EP\\d{4}$',''),('Rk','http://info.identifiers.org/kegg.reaction/','^R\\d+$',''),('merops.family','http://identifiers.org/merops.family/','^[SCTAGMNU]\\d+$',''),('cl','http://identifiers.org/cl/','^CL:\\d{7}$',''),('toxoplasma','http://info.identifiers.org/toxoplasma/','^\\w+$',''),('vbase2','http://info.identifiers.org/vbase2/','^\\w+$',''),('ecoliwiki','http://ecoliwiki.net/colipedia/index.php/','^[A-Za-z0-9-]+$',':Gene'),('umbbd.pathway','http://umbbd.ethz.ch/servlets/pageservlet?ptype=p&pathway_abbr=','^\\w+$',''),('genedb','http://www.genedb.org/gene/','^[\\w\\d\\.-]*$',''),('Td','http://info.identifiers.org/ttd.drug/','^DAP\\d+$',''),('neurolex','http://www.neurolex.org/wiki/','^([Bb]irnlex_|Sao|nlx_|GO_|CogPO|HDO)\\d+$',''),('Om','http://identifiers.org/omim/','^[*#+%^]?\\d{6}$',''),('darc','http://info.identifiers.org/darc/','^\\d+$',''),('dragondb.protein','http://info.identifiers.org/dragondb.protein/','^\\w+$',''),('ird.segment','http://www.fludb.org/brc/fluSegmentDetails.do?ncbiGenomicAccession=','^\\w+(\\_)?\\d+(\\.\\d+)?$',''),('pombase','http://identifiers.org/pombase/','^S\\w+(\\.)?\\w+(\\.)?$',''),('mo','http://purl.bioontology.org/ontology/MO/','^\\w+$',''),('genefarm','http://info.identifiers.org/genefarm/','^\\d+$',''),('NCIM','http://purl.bioontology.org/ontology/NCIM/',NULL,''),('dpv','http://identifiers.org/dpv/','^\\d+$',''),('echobase','http://www.york.ac.uk/res/thomas/Gene.cfm?recordID=','^EB\\d+$',''),('genefarm','http://urgi.versailles.inra.fr/Genefarm/Gene/display_gene.htpl?GENE_ID=','^\\d+$',''),('unite','http://unite.ut.ee/bl_forw.php?nimi=','^UDB\\d{6}$',''),('Wi','http://en.wikipedia.org/wiki/','^[A-Za-z-0-9_]+$',''),('nasc','http://identifiers.org/nasc/','^(\\w+)?\\d+$',''),('gxa.expt','http://info.identifiers.org/gxa.expt/','^[AEP]-\\w{4}-\\d+$',''),('psimi','http://info.identifiers.org/psimi/','^MI:\\d{4}$',''),('ChEMBLCompound','http://identifiers.org/chembl.compound/','^CHEMBL\\d+$',''),('gmd.gcms','http://info.identifiers.org/gmd.gcms/','^([0-9a-fA-F]){8}(-([0-9a-fA-F]){4}){3}-([0-9a-fA-F]){12}$',''),('bugbase.expt','http://bugs.sgul.ac.uk/bugsbase/tabs/experiment.php?expt_id=','^\\d+$','&action=view'),('t3db','http://identifiers.org/t3db/','^T3D\\d+$',''),('gmd','http://info.identifiers.org/gmd/','^([0-9a-fA-F]){8}(-([0-9a-fA-F]){4}){3}-([0-9a-fA-F]){12}$',''),('proglyc','http://www.proglycprot.org/detail.aspx?ProId=','^[A-Z]C\\d{1,3}$',''),('jcggdb','http://identifiers.org/jcggdb/','^JCGG-STR\\d{6}$',''),('cryptodb','http://info.identifiers.org/cryptodb/','^\\w+',''),('Q','http://purl.uniprot.org/refseq/','^((AC|AP|NC|NG|NM|NP|NR|NT|NW|XM|XP|XR|YP|ZP)_\\d+|(NZ\\_[A-Z]{4}\\d+))(\\.\\d+)?$',''),('Ck','http://info.identifiers.org/kegg.compound/','^C\\d+$',''),('orcid','http://info.identifiers.org/orcid/','^\\d{4}-\\d{4}-\\d{4}-\\d{3}(\\d|X)$',''),('R','http://rgd.mcw.edu/rgdweb/report/gene/main.html?id=','^\\d{4,7}$',''),('chemidplus','http://chem.sis.nlm.nih.gov/chemidplus/direct.jsp?regno=','^\\d+$',''),('t3db','http://www.t3db.org/toxins/','^T3D\\d+$',''),('vfdb.genus','http://identifiers.org/vfdb.genus/','^\\w+$',''),('L','http://www.ncbi.nlm.nih.gov/gene/','^\\d+$',''),('Wp','http://rdf.wikipathways.org/','WP\\d{1,5}(\\_r\\d+)?$',''),('yetfasco','http://identifiers.org/yetfasco/','^\\w+\\_\\d+(\\.\\d+)?$',''),('chembl.target','http://identifiers.org/chembl.target/','^CHEMBL\\d+$',''),('drugbankTarget','http://info.identifiers.org/drugbank.target/','^\\d+$',''),('Tt','http://bidd.nus.edu.sg/group/cjttd/ZFTTDDetail.asp?ID=','^TTDS\\d+$',''),('cst.ab','http://info.identifiers.org/cst.ab/','^\\d+$',''),('gramene.protein','http://info.identifiers.org/gramene.protein/','^\\d+$',''),('EnPt','http://www.ensembl.org/Pan_troglodytes/Gene/Summary?g=','ENSPTRG\\d{11}',''),('biocatalogue.service','http://info.identifiers.org/biocatalogue.service/','^\\d+$',''),('aphidbase.transcript','http://info.identifiers.org/aphidbase.transcript/','^ACYPI\\d{6}(-RA)?$',''),('goa','http://identifiers.org/goa/','^([A-N,R-Z][0-9][A-Z][A-Z, 0-9][A-Z, 0-9][0-9])|([O,P,Q][0-9][A-Z, 0-9][A-Z, 0-9][A-Z, 0-9][0-9])$',''),('Ce','http://identifiers.org/chebi/CHEBI:','^\\d+$',''),('En','http://useast.ensembl.org/id/','^((ENS[A-Z]*[FPTG]\\d{11}(\\.\\d+)?)|(FB\\w{2}\\d{7})|(Y[A-Z]{2}\\d{3}[a-zA-Z](\\-[A-Z])?)|([A-Z_a-z0-9]+(\\.)?(t)?(\\d+)?([a-z])?))$',''),('plasmodb','http://identifiers.org/plasmodb/','^\\w+$',''),('genatlas','http://info.identifiers.org/genatlas/','^\\w+$',''),('genetree','http://www.ensembl.org/Multi/GeneTree/Image?db=core%3Bgt%3D','^ENSGT\\d+$',''),('uniprot.isoform','http://identifiers.org/uniprot.isoform/','^([A-N,R-Z][0-9][A-Z][A-Z, 0-9][A-Z, 0-9][0-9])|([O,P,Q][0-9][A-Z, 0-9][A-Z, 0-9][A-Z, 0-9][0-9])(\\-\\d+)$',''),('ensembl.fungi','http://fungi.ensembl.org/id/','^[A-Z-a-z0-9]+$',''),('Pi','http://info.identifiers.org/pina/','^([A-N,R-Z][0-9][A-Z][A-Z, 0-9][A-Z, 0-9][0-9])|([O,P,Q][0-9][A-Z, 0-9][A-Z, 0-9][A-Z, 0-9][0-9])$',''),('cryptodb','http://cryptodb.org/cryptodb/showRecord.do?name=GeneRecordClasses.GeneRecordClass&source_id=','^\\w+',''),('myco.smeg','http://info.identifiers.org/myco.smeg/','^MSMEG\\w+$',''),('fsnp','http://identifiers.org/fsnp/','^rs\\d+$',''),('Em','http://www.ebi.ac.uk/ena/data/view/','^[A-Z]+[0-9]+$',''),('kegg.environ','http://info.identifiers.org/kegg.environ/','^ev\\:E\\d+$',''),('ensembl.bacteria','http://bacteria.ensembl.org/id/','^((EB\\w+)|([A-Z0-9]+\\_[A-Z0-9]+))$',''),('rebase','http://rebase.neb.com/rebase/enz/','^\\d+$','.html'),('funcbase.human','http://func.mshri.on.ca/human/genes/list_functional_scores/','^\\d+$',''),('Bsu','http://www.subtiwiki.uni-goettingen.de/wiki/index.php/','^BSU\\d{5}$',''),('E','http://bio2rdf.org/ec:','^\\d+\\.-\\.-\\.-|\\d+\\.\\d+\\.-\\.-|\\d+\\.\\d+\\.\\d+\\.-|\\d+\\.\\d+\\.\\d+\\.(n)?\\d+$',''),('Cpb','http://identifiers.org/pubchem.bioassay/','^\\d+$',''),('insdc.sra','http://info.identifiers.org/insdc.sra/','^[SED]R[APRSXZ]\\d{6}',''),('ecoliwiki','http://info.identifiers.org/ecoliwiki/','^[A-Za-z0-9-]+$',''),('omia','http://omia.angis.org.au/','^\\d+$','/'),('cogs.function','http://identifiers.org/cogs.function/','^[A-Z]$',''),('tol','http://identifiers.org/tol/','^\\d+$',''),('doid','http://purl.bioontology.org/ontology/DOID/','^DOID\\:\\d+$',''),('Pf','http://info.identifiers.org/pfam/','^PF\\d{5}$',''),('bto','http://identifiers.org/bto/','^BTO:\\d{7}$',''),('atfdb.family','http://info.identifiers.org/atfdb.family/','^\\w+$',''),('doi','http://dx.doi.org/','^(doi\\:)?\\d{2}\\.\\d{4}.*$',''),('EnQc','http://www.ensembl.org/Equus_caballus/Gene/Summary?g=','ENSECAG\\d{11}',''),('iceberg.element','http://info.identifiers.org/iceberg.element/','^\\d+$',''),('aphidbase.transcript','http://isyip.genouest.org/apps/grs-2.2/grs?reportID=aphidbase_transcript_report&objectID=','^ACYPI\\d{6}(-RA)?$',''),('dbd','http://www.transcriptionfactor.org/index.cgi?Search%2FDomain+domain%3A','^\\d+$','+cat%3ADBD'),('noncodev3','http://www.noncode.org/NONCODERv3/ncrna.php?ncid=','^\\d+$',''),('Pp','http://identifiers.org/phosphosite.protein/','^\\d{5}$',''),('Pgd','http://www.pharmgkb.org/drug/','^PA\\d+$',''),('psimi','http://identifiers.org/psimi/','^MI:\\d{4}$',''),('mpid','http://www.jcvi.org/mpidb/experiment.php?interaction_id=','^\\d+$',''),('scretf','http://identifiers.org/scretf/','^\\w+$',''),('arachnoserver','http://www.arachnoserver.org/toxincard.html?id=','^AS\\d{6}$',''),('ChemblId','http://data.kasabi.com/dataset/chembl-rdf/chemblid/',NULL,''),('aspgd.protein','http://identifiers.org/aspgd.protein/','^[A-Za-z_0-9]+$',''),('dragondb.protein','http://antirrhinum.net/cgi-bin/ace/generic/tree/DragonDB?name=','^\\w+$','%3Bclass%3DPeptide'),('iuphar.ligand','http://info.identifiers.org/iuphar.ligand/','^\\d+$',''),('Rf','http://info.identifiers.org/rfam/','^RF\\d+$',''),('Om','http://omim.org/entry/','^[*#+%^]?\\d{6}$',''),('unimod','http://info.identifiers.org/unimod/','^\\d+$',''),('stap','http://psb.kobic.re.kr/STAP/refinement/result.php?search=','^[0-9][A-Za-z0-9]{3}$',''),('Dr','http://info.identifiers.org/drugbank/','^DB\\d{5}$',''),('combine.specifications','http://identifiers.org/combine.specifications/','^\\w+(\\-|\\.|\\w)*$',''),('oridb.schizo','http://info.identifiers.org/oridb.schizo/','^\\d+$',''),('umbbd.rule','http://identifiers.org/umbbd.rule/','^bt\\d+$',''),('tigrfam','http://info.identifiers.org/tigrfam/','^TIGR\\d+$',''),('epd','http://info.identifiers.org/epd/','^[A-Z-_0-9]+$',''),('bto','http://www.ebi.ac.uk/ontology-lookup/?termId=','^BTO:\\d{7}$',''),('gmd.ref','http://info.identifiers.org/gmd.ref/','^([0-9a-fA-F]){8}(-([0-9a-fA-F]){4}){3}-([0-9a-fA-F]){12}$',''),('unimod','http://identifiers.org/unimod/','^\\d+$',''),('dragondb.locus','http://antirrhinum.net/cgi-bin/ace/generic/tree/DragonDB?name=','^\\w+$','&amp%3Bclass=Locus'),('G','http://www.ncbi.nlm.nih.gov/nuccore/','^([A-Z]\\d{5}|[A-Z]{2}\\d{6}|[A-Z]{4}\\d{8}|[A-J][A-Z]{2}\\d{5})(\\.\\d+)?$',''),('pubmed','http://bio2rdf.org/pubmed/','^\\d+$',''),('Cpc','http://rdf.ncbi.nlm.nih.gov/pubchem/compound/','^\\d+$',''),('dbest','http://info.identifiers.org/dbest/','^[A-Z]\\d+(\\.\\d+)?$',''),('3dmet','http://www.3dmet.dna.affrc.go.jp/cgi/show_data.php?acc=','^B\\d{5}$',''),('fsnp','http://compbio.cs.queensu.ca/cgi-bin/compbio/search/main.cgi?search_mode=id&amp%3Bid_type=snp_id&amp%3Bid_val=','^rs\\d+$',''),('pgn','http://info.identifiers.org/pgn/','^\\d+$',''),('sdbs','http://identifiers.org/sdbs/','\\d+$',''),('biomodels.kisao','http://purl.bioontology.org/ontology/KISAO/kisao:','^KISAO_\\d+$',''),('apd','http://aps.unmc.edu/AP/database/query_output.php?ID=','^\\d{5}$',''),('S','http://purl.uniprot.org/uniprot/','^([A-N,R-Z][0-9][A-Z][A-Z, 0-9][A-Z, 0-9][0-9])|([O,P,Q][0-9][A-Z, 0-9][A-Z, 0-9][A-Z, 0-9][0-9])(\\.\\d+)?$',''),('gxa.gene','http://www.ebi.ac.uk/gxa/gene/','^\\w+$',''),('cogs','http://identifiers.org/cogs/','^COG\\d+$',''),('depod','http://www.koehn.embl.de/depod/showp.php?gene=','^[A-Z0-9]+$',''),('pombase','http://info.identifiers.org/pombase/','^S\\w+(\\.)?\\w+(\\.)?$',''),('EnSs','http://www.ensembl.org/Sus_scrofa/Gene/Summary?g=','ENSSSCG\\d{11}',''),('dragondb.allele','http://info.identifiers.org/dragondb.allele/','^\\w+$',''),('pocketome','http://identifiers.org/pocketome/','^[A-Za-z_0-9]+',''),('ctd.chemical','http://ctdbase.org/detail.go?type=chem&acc=','^D\\d+$',''),('phylomedb','http://phylomedb.org/?seqid=','^\\w+$',''),('cco','http://info.identifiers.org/cco/','^CCO\\:\\w+$',''),('pdb.ligand','http://www.ebi.ac.uk/pdbe-srv/pdbechem/chemicalCompound/show/','^[A-Za-z0-9]+$',''),('Td','http://identifiers.org/ttd.drug/','^DAP\\d+$',''),('ctd.gene','http://info.identifiers.org/ctd.gene/','^\\d+$',''),('Wi','http://dbpedia.org/page/','^[A-Za-z-0-9_]+$',''),('L','http://identifiers.org/ncbigene/','^\\d+$',''),('myco.smeg','http://mycobrowser.epfl.ch/smegmasearch.php?gene+name=','^MSMEG\\w+$',''),('jcm','http://www.jcm.riken.go.jp/cgi-bin/jcm/jcm_number?JCM=','^\\d+$',''),('3dmet','http://info.identifiers.org/3dmet/','^B\\d{5}$',''),('insdc.sra','http://trace.ddbj.nig.ac.jp/DRASearch/experiment?acc=','^[SED]R[APRSXZ]\\d{6}',''),('Ec','http://info.identifiers.org/ecogene/','^EG\\d+$',''),('narcis','http://identifiers.org/narcis/','^oai\\:cwi\\.nl\\:\\d+$',''),('Ca','http://info.identifiers.org/cas/','^\\d{1,7}\\-\\d{2}\\-\\d$',''),('cgd','http://identifiers.org/cgd/','^CAL\\d{7}$',''),('oryzabase.strain','http://info.identifiers.org/oryzabase.strain/','^\\d+$',''),('iceberg.family','http://identifiers.org/iceberg.family/','^\\d+$',''),('M','http://identifiers.org/mgd/MGI:','^\\d+$',''),('grsdb','http://identifiers.org/grsdb/','^\\d+$',''),('ChemblMolecule','http://linkedchemistry.info/chembl/molecule/m',NULL,''),('Str','http://string.embl.de/interactions/','^([A-N,R-Z][0-9][A-Z][A-Z, 0-9][A-Z, 0-9][0-9])|([O,P,Q][0-9][A-Z, 0-9][A-Z, 0-9][A-Z, 0-9][0-9])|([0-9][A-Za-z0-9]{3})$',''),('chemidplus','http://identifiers.org/chemidplus/','^\\d+$',''),('prosite','http://info.identifiers.org/prosite/','^PS\\d{5}$',''),('so','http://info.identifiers.org/so/','^SO:\\d{7}$',''),('biosharing','http://identifiers.org/biosharing/','^bsg-\\d{6}$',''),('gmd.gcms','http://identifiers.org/gmd.gcms/','^([0-9a-fA-F]){8}(-([0-9a-fA-F]){4}){3}-([0-9a-fA-F]){12}$',''),('cgd','http://info.identifiers.org/cgd/','^CAL\\d{7}$',''),('obi','http://info.identifiers.org/obi/','^OBI_\\d{7}$',''),('Ce','http://purl.bioontology.org/ontology/CHEBI/CHEBI:','^\\d+$',''),('Sbo','http://www.ebi.ac.uk/ontology-lookup/?termId=','^SBO:\\d{7}$',''),('oridb.schizo','http://identifiers.org/oridb.schizo/','^\\d+$',''),('autdb','http://identifiers.org/autdb/','^[A-Z]+[A-Z-0-9]{2,}$',''),('Cps','http://pubchem.ncbi.nlm.nih.gov/summary/summary.cgi?sid=','^\\d+$',''),('Q','http://info.identifiers.org/refseq/','^((AC|AP|NC|NG|NM|NP|NR|NT|NW|XM|XP|XR|YP|ZP)_\\d+|(NZ\\_[A-Z]{4}\\d+))(\\.\\d+)?$',''),('beetlebase','http://identifiers.org/beetlebase/','^TC\\d+$',''),('broad','http://www.broadinstitute.org/annotation/genome/magnaporthe_grisea/GeneDetails.html?sp=','^S\\d+$',''),('hcvdb','http://identifiers.org/hcvdb/','^M\\d{5}$',''),('hpa','http://www.proteinatlas.org/','^ENSG\\d{11}$',''),('iuphar.ligand','http://www.iuphar-db.org/DATABASE/LigandDisplayForward?ligandId=','^\\d+$',''),('homd.taxon','http://info.identifiers.org/homd.taxon/','^\\d+$',''),('noncodev3','http://info.identifiers.org/noncodev3/','^\\d+$',''),('drugbankTarget','http://identifiers.org/drugbank.target/','^\\d+$',''),('wormpep','http://www.wormbase.org/db/seq/protein?name=','^CE\\d{5}$',''),('protonet.proteincard','http://identifiers.org/protonet.proteincard/','^\\d+$',''),('molbase','http://info.identifiers.org/molbase/','^(\\d{1,7}\\-\\d{2}\\-\\d)|([A-Za-z0-9\\+\\-\\_]+)$',''),('ChEMBLCompound','http://info.identifiers.org/chembl.compound/','^CHEMBL\\d+$',''),('compulyeast','http://compluyeast2dpage.dacya.ucm.es/cgi-bin/2d/2d.cgi?ac=','^([A-N,R-Z][0-9][A-Z][A-Z, 0-9][A-Z, 0-9][0-9])|([O,P,Q][0-9][A-Z, 0-9][A-Z, 0-9][A-Z, 0-9][0-9])$',''),('pmap.cutdb','http://cutdb.burnham.org/relation/show/','^\\d+$',''),('epd','http://identifiers.org/epd/','^[A-Z-_0-9]+$',''),('eco','http://purl.bioontology.org/ontology/ECO/','ECO:\\d{7}$',''),('sciencesignaling.pic','http://info.identifiers.org/sciencesignaling.pic/','^CMC_\\d+$',''),('Sn','http://info.identifiers.org/dbsnp/','^\\d+$',''),('vbase2','http://identifiers.org/vbase2/','^\\w+$',''),('Pid','http://pid.nci.nih.gov/search/pathway_landing.shtml?what=graphic&jpg=on&pathway_id=','^\\w+$',''),('phosphosite.residue','http://info.identifiers.org/phosphosite.residue/','^\\d+$',''),('sdbs','http://riodb01.ibase.aist.go.jp/sdbs/cgi-bin/cre_frame_disp.cgi?sdbsno=','\\d+$',''),('imgt.hla','http://identifiers.org/imgt.hla/','^[A-Z0-9*:]+$',''),('Ca','http://identifiers.org/cas/','^\\d{1,7}\\-\\d{2}\\-\\d$',''),('T','http://identifiers.org/go/GO:','^\\d{7}$',''),('T','http://purl.org/obo/owl/GO#GO_','^\\d{7}$',''),('pdb.ligand','http://identifiers.org/pdb.ligand/','^[A-Za-z0-9]+$',''),('ChEMBLCompound','https://www.ebi.ac.uk/chembl/compound/inspect/','^CHEMBL\\d+$',''),('umbbd.pathway','http://identifiers.org/umbbd.pathway/','^\\w+$',''),('E','http://identifiers.org/ec-code/','^\\d+\\.-\\.-\\.-|\\d+\\.\\d+\\.-\\.-|\\d+\\.\\d+\\.\\d+\\.-|\\d+\\.\\d+\\.\\d+\\.(n)?\\d+$',''),('topdb','http://info.identifiers.org/topdb/','^[A-Z0-9]+$',''),('Str','http://string-db.org/interactions/','^([A-N,R-Z][0-9][A-Z][A-Z, 0-9][A-Z, 0-9][0-9])|([O,P,Q][0-9][A-Z, 0-9][A-Z, 0-9][A-Z, 0-9][0-9])|([0-9][A-Za-z0-9]{3})$',''),('Lm','http://info.identifiers.org/lipidmaps/','^LM(FA|GL|GP|SP|ST|PR|SL|PK)[0-9]{4}([0-9a-zA-Z]{4,6})?$',''),('asap','http://asap.ahabs.wisc.edu/asap/feature_info.php?LocationID=WIS&FeatureID=','^[A-Za-z0-9-]+$',''),('Rk','http://www.kegg.jp/entry/','^R\\d+$',''),('ensembl.metazoa','http://identifiers.org/ensembl.metazoa/','^\\w+(\\.)?\\d+$',''),('genpept','http://info.identifiers.org/genpept/','^\\w{3}\\d{5}(\\.\\d+)?$',''),('tgd','http://identifiers.org/tgd/','^TTHERM\\_\\d+$',''),('pmp','http://www.proteinmodelportal.org/query/uniprot/','^([A-N,R-Z][0-9][A-Z][A-Z, 0-9][A-Z, 0-9][0-9])|([O,P,Q][0-9][A-Z, 0-9][A-Z, 0-9][A-Z, 0-9][0-9])$',''),('genedb','http://info.identifiers.org/genedb/','^[\\w\\d\\.-]*$',''),('unimod','http://www.unimod.org/modifications_view.php?editid1=','^\\d+$',''),('kegg.genome','http://www.kegg.jp/entry/','^(T0\\d+|\\w{3,5})$',''),('agd','http://agd.vital-it.ch/Ashbya_gossypii/geneview?gene=','^AGR\\w+$',''),('umbbd.rule','http://info.identifiers.org/umbbd.rule/','^bt\\d+$',''),('ConceptWiki','http://www.conceptwiki.org/concept/',NULL,''),('Mb','http://identifiers.org/mirbase/','MI\\d{7}',''),('pmap.cutdb','http://info.identifiers.org/pmap.cutdb/','^\\d+$',''),('Mi','http://identifiers.org/mint/','^MINT\\-\\d{1,5}$',''),('genprop','http://info.identifiers.org/genprop/','^GenProp\\d+$',''),('Kd','http://www.kegg.jp/entry/','^D\\d+$',''),('Pd','http://proteopedia.org/wiki/index.php/','^[0-9][A-Za-z0-9]{3}$',''),('Ma','http://info.identifiers.org/macie/','^M\\d{4}$',''),('mmmp:biomaps','http://info.identifiers.org/mmmp:biomaps/','^\\d+$',''),('hovergen','http://info.identifiers.org/hovergen/','^HBG\\d+$',''),('mycobank','http://info.identifiers.org/mycobank/','^\\d+$',''),('ncim','http://info.identifiers.org/ncim/','^C\\d+$',''),('oryzabase.mutant','http://identifiers.org/oryzabase.mutant/','^\\d+$',''),('Sm','http://info.identifiers.org/smpdb/','^SMP\\d{5}$',''),('elm','http://elm.eu.org/elms/elmPages/','^[A-Za-z_0-9]+$','.html'),('mesh.2013','http://info.identifiers.org/mesh.2013/','^[A-Za-z0-9]+$',''),('genetree','http://identifiers.org/genetree/','^ENSGT\\d+$',''),('yid','http://info.identifiers.org/yid/','^[A-Z0-9]+$',''),('arrayexpress','http://info.identifiers.org/arrayexpress/','^[AEP]-\\w{4}-\\d+$',''),('vfdb.genus','http://www.mgc.ac.cn/cgi-bin/VFs/genus.cgi?Genus=','^\\w+$',''),('opm','http://opm.phar.umich.edu/protein.php?pdbid=','^[0-9][A-Za-z0-9]{3}$',''),('cabri','http://info.identifiers.org/cabri/','^([A-Za-z]+)?(\\_)?([A-Za-z-]+)\\:([A-Za-z0-9 ]+)$',''),('sciencesignaling.path','http://stke.sciencemag.org/cgi/cm/stkecm;','^CMP_\\d+$',''),('protclustdb','http://identifiers.org/protclustdb/','^\\w+$',''),('noncodev4.gene','http://identifiers.org/noncodev4.gene/','^NONHSAG\\d{5}$',''),('Z','http://info.identifiers.org/zfin/','ZDB\\-GENE\\-\\d+\\-\\d+',''),('rnamods','http://mods.rna.albany.edu/mods/modifications/view/','^\\d{3}$',''),('peptideatlas','http://info.identifiers.org/peptideatlas/','^PAp[0-9]{8}$',''),('Kd','http://identifiers.org/kegg.drug/','^D\\d+$',''),('Bi','http://bio2rdf.org/bind:','^\\d+$',''),('oridb.sacch','http://info.identifiers.org/oridb.sacch/','^\\d+$',''),('Pid','http://identifiers.org/pid.pathway/','^\\w+$',''),('virsirna','http://identifiers.org/virsirna/','^virsi\\d+$',''),('aceview.worm','http://www.ncbi.nlm.nih.gov/IEB/Research/Acembly/av.cgi?db=worm&c=Gene&l=','^[a-z0-9-]+$',''),('Mbm','http://identifiers.org/mirbase.mature/','MIMAT\\d{7}',''),('tarbase','http://diana.cslab.ece.ntua.gr/DianaToolsNew/index.php?r=tarbase%2Findex&mirnas=','^\\w+\\-\\w+\\-\\w+',''),('umbbd.pathway','http://info.identifiers.org/umbbd.pathway/','^\\w+$',''),('protonet.cluster','http://identifiers.org/protonet.cluster/','^\\d+$',''),('dailymed','http://info.identifiers.org/dailymed/','^[A-Za-z0-9-]+',''),('scop','http://scop.bic.nus.edu.sg/search.cgi?sunid=','^\\d+$',''),('treebase','http://info.identifiers.org/treebase/','^TB[1,2]?:[A-Z][a-z]?\\d+$',''),('modeldb','http://senselab.med.yale.edu/ModelDB/ShowModel.asp?model=','^\\d+$',''),('bgee.organ','http://info.identifiers.org/bgee.organ/','^(XAO|ZFA|EHDAA|EMAPA|EV|MA)\\:\\d+$',''),('orphanet','http://identifiers.org/orphanet/','^\\d+$',''),('fbol','http://info.identifiers.org/fbol/','^\\d+$','');
/*!40000 ALTER TABLE `uri` ENABLE KEYS */;
UNLOCK TABLES;

--
-- Table structure for table `via`
--

DROP TABLE IF EXISTS `via`;
/*!40101 SET @saved_cs_client     = @@character_set_client */;
/*!40101 SET character_set_client = utf8 */;
CREATE TABLE `via` (
  `mappingSetId` int(11) NOT NULL,
  `viaDataSource` varchar(100) NOT NULL
) ENGINE=MyISAM DEFAULT CHARSET=utf8;
/*!40101 SET character_set_client = @saved_cs_client */;

--
-- Dumping data for table `via`
--

LOCK TABLES `via` WRITE;
/*!40000 ALTER TABLE `via` DISABLE KEYS */;
/*!40000 ALTER TABLE `via` ENABLE KEYS */;
UNLOCK TABLES;
/*!40103 SET TIME_ZONE=@OLD_TIME_ZONE */;

/*!40101 SET SQL_MODE=@OLD_SQL_MODE */;
/*!40014 SET FOREIGN_KEY_CHECKS=@OLD_FOREIGN_KEY_CHECKS */;
/*!40014 SET UNIQUE_CHECKS=@OLD_UNIQUE_CHECKS */;
/*!40101 SET CHARACTER_SET_CLIENT=@OLD_CHARACTER_SET_CLIENT */;
/*!40101 SET CHARACTER_SET_RESULTS=@OLD_CHARACTER_SET_RESULTS */;
/*!40101 SET COLLATION_CONNECTION=@OLD_COLLATION_CONNECTION */;
/*!40111 SET SQL_NOTES=@OLD_SQL_NOTES */;

-- Dump completed on 2014-01-23 16:05:37
